id,questions,tag
0,"In the presence of a febrile roseoliform exanthem in a child, the main etiologies are (one or more correct answers):
","Febrile roseoliform exanthem in children refers to a type of rash characterized by pinkish-red skin lesions that appear during a fever. The main etiologies, or causes, of this condition can include viral infections such as Echovirus, Herpesvirus, and Enterovirus. These viruses can lead to a systemic infection that manifests as a rash. Additionally, other infectious agents like bacteria and fungi, as well as certain medications, may also be responsible for causing a febrile roseoliform exanthem in children."
1,"Regarding heart failure, which proposition(s) is (are) true?
","Heart failure is a complex condition characterized by the heart's inability to pump blood efficiently, leading to inadequate oxygen and nutrient supply to the body's tissues. It can result from various causes, including coronary artery disease, hypertension, and myocardial infarction. The condition often presents with symptoms such as shortness of breath, fatigue, and fluid retention. Treatment options for heart failure include lifestyle modifications, medication therapy, and in severe cases, surgical interventions."
2,"What is (are) the true answer(s) concerning the management of diffuse bronchiectasis in adults (outside the context of cystic fibrosis) responsible for recurrent infectious episodes?
","Bronchiectasis is a chronic lung condition characterized by the dilation of bronchial tubes, which can lead to recurrent infections. In adults, diffuse bronchiectasis refers to the widespread dilation of these tubes throughout the lungs. The management of this condition involves a multidimensional approach aimed at reducing symptoms, preventing complications, and improving quality of life. This typically includes measures such as airway clearance techniques, respiratory physiotherapy, and the use of inhaled bronchodilators or mucolytics to help clear secretions. Antibiotics may be prescribed for acute exacerbations or as a maintenance therapy in certain cases. Additionally, underlying conditions such as immunodeficiency or primary ciliary dyskinesia should be addressed if present. It is important for patients to receive vaccinations and avoid smoking and exposure to harmful substances. In severe cases that are refractory to medical treatment, surgical intervention may be considered."
3,"A 58-year-old female patient comes to the emergency department of your hospital for the expectoration of two glasses of red blood during a coughing effort. She had never coughed up blood before. She is on aspirin for anti-aggregant therapy for coronary artery disease. Her clinical examination is normal; her blood pressure is 132/79 mmHg. The heart rate is 80/min. The chest X-ray shows no abnormalities. Give the correct answer(s).
","The patient's presentation of coughing up red blood is known as hemoptysis, which can be indicative of several underlying conditions. Given her history of coronary artery disease and current aspirin therapy, it is important to consider the possibility of a drug-induced side effect or interaction. Aspirin, being an antiplatelet agent, can increase the risk of bleeding, including pulmonary bleeding, which may manifest as hemoptysis. However, further investigation is warranted to rule out other potential causes such as respiratory tract infections, bronchitis, or malignancy."
4,"A 55-year-old patient presenting with lymphocytosis at 25 g/l without cytopenia is referred to you with a diagnosis of chronic lymphocytic leukemia based on lymphocyte immunophenotyping. On clinical examination, the patient is in excellent general condition and there is polyadenopathy with diameters of 1.5 to 2 cm in all nodal areas. What examination is necessary at this stage? (only one answer)
","The patient in question is a 55-year-old individual who has been diagnosed with chronic lymphocytic leukemia (CLL) based on lymphocyte immunophenotyping. CLL is a type of cancer that affects the blood and bone marrow, characterized by the accumulation of functionally incompetent lymphocytes. The patient is asymptomatic, with no signs of anemia, thrombocytopenia, or neutropenia, which are common complications of CLL. The presence of polyadenopathy, or enlarged lymph nodes, with diameters ranging from 1.5 to 2 cm, suggests possible metastasis or spread of the leukemia to these areas. To further evaluate the extent of the disease and determine the appropriate treatment plan, a biopsy of the lymph nodes is necessary at this stage. This procedure involves removing a sample of tissue from the affected lymph nodes for microscopic examination, which can provide valuable information about the nature and aggressiveness of the leukemia."
5,"A 25-year-old man consults you due to abdominal pain. The examination is normal except for a palpable spleen at the end of inspiration. The blood count shows: leukocytes 14 g/l, neutrophils 8 g/l, myelocytes 1 g/l, metamyelocytes 1 g/l, monocytes 1 g/l, lymphocytes 3 g/l, platelets 510 g/l. You suspect chronic myeloid leukemia. Which biological tests do you prescribe to confirm your diagnostic hypothesis? (one or more possible answers)
","Chronic myeloid leukemia (CML) is a type of cancer that affects the bone marrow and blood, leading to the overproduction of white blood cells, particularly neutrophils. The palpable spleen in this patient could be indicative of splenomegaly, which is common in CML. To confirm the diagnosis of CML, the following biological tests are typically prescribed:  1. Philadelphia chromosome detection: This test identifies the presence of the Philadelphia chromosome, a genetic abnormality resulting from a translocation between chromosomes 9 and 22. It is a hallmark of CML and helps confirm the diagnosis.  2. Polymerase chain reaction (PCR) for BCR-ABL fusion gene: This molecular test detects the presence of the BCR-ABL fusion gene, which is created by the translocation seen in the Philadelphia chromosome. PCR can provide quantitative information about the amount of the abnormal fusion gene present.  3. Bone marrow biopsy: A bone marrow biopsy involves obtaining a small sample of bone marrow from the patient's hipbone or sternum. It allows for the examination of the marrow cells and their precursors, providing additional information about the abnormal cell proliferation seen in CML.  4. Complete blood count (CBC) with peripheral smear: Although already performed in this case, a CBC with peripheral smear is essential for assessing the different types of white blood cells present and their maturity levels. It helps evaluate the extent of the disease and monitor treatment response.  Therefore, to confirm the diagnosis of chronic myeloid leukemia in this patient, the prescribed biological tests would include Philadelphia chromosome detection, PCR for BCR-ABL fusion gene, bone marrow biopsy, and a repeat CBC with peripheral smear."
6,"Which of the following statements regarding fragility osteopathies is (are) correct?
","Fragility osteopathies refer to bone diseases characterized by weakened bones that are prone to fractures even with minimal trauma or sometimes without any apparent cause. These conditions, such as osteoporosis, osteogenesis imperfecta, and bone tumors, compromise the structural integrity of bones, making them fragile and susceptible to fractures. Fragility fractures typically occur in weight-bearing bones like the spine, hips, and wrists. They are often indicative of an underlying bone disease and require medical attention to prevent further fractures and complications."
7,"A 50-year-old woman arrives at the emergency room for malaise. She has no particular medical history but describes rapidly onset fatigue. The clinical examination is normal except for conjunctival subicterus. The blood count shows hemoglobin 90 g/l, erythrocytes 2.7 t/l, hematocrit 27%, MCV 102 fl, MCHC 33 g/dl, leukocytes 8 g/l, neutrophils 5 g/l, lymphocytes 2.3 g/l, monocytes 0.7 g/l. What biological tests seem relevant to prescribe as a first intention? (One or more possible answers)
","The patient's presentation with malaise, rapidly onset fatigue, and conjunctival subicterus suggests the possibility of anemia. The blood count reveals anemia with hemoglobin of 90 g/l and hematocrit of 27%, indicating a decrease in red blood cell count and hemoglobin concentration. The mean corpuscular volume (MCV) is elevated at 102 fl, suggesting macrocytic anemia. Given these findings, relevant biological tests to consider as a first intention would be a peripheral blood smear to assess for red blood cell morphology, vitamin B12 and folate levels to evaluate for megaloblastic anemia, and reticulocyte count to determine if the bone marrow is responding appropriately to anemia."
8,"Among the following infectious agents, which one(s) is(are) responsible for culture-negative endocarditis?
","Culture-negative endocarditis is a type of endocarditis, which is an infection of the inner lining of the heart chambers or valves. It is called 'culture-negative' when the causative infectious agent cannot be identified through standard blood culture techniques. This can occur due to various reasons such as fastidious growth requirements of the organism, prior antibiotic therapy, or the presence of non-bacterial pathogens. Among the options provided, the infectious agents responsible for culture-negative endocarditis include Q fever (caused by Coxiella burnetii), Chlamydia psittaci, and Mycoplasma."
9,"Among the following infectious diseases, which one(s) is(are) notifiable in France?
","Notifiable diseases are infectious conditions that healthcare professionals are required to report to public health authorities upon diagnosis. This allows for the monitoring and control of outbreaks, as well as the implementation of preventive measures. In France, there is a list of notifiable diseases, which includes conditions like tuberculosis, HIV/AIDS, and hepatitis B. The question is asking which of the given options is included in this list."
10,"In a patient treated for 2 days for proximal pulmonary embolism with unfractionated heparin, the aPTT ratio is 6 and the anti-Xa activity is measured at the peak activity at 1.2 IU/ml, in the absence of bleeding, what measure(s) do you take immediately? (one or more possible answers)
","The patient in question has been receiving treatment for proximal pulmonary embolism with unfractionated heparin for the past 2 days. The aPTT ratio, which measures the efficacy of heparin therapy, is 6, indicating that the patient's blood is not clotting as much as it should be. Additionally, the anti-Xa activity, which directly assesses the level of heparin in the blood, is measured at 1.2 IU/ml at its peak. Given these findings and the absence of bleeding, immediate action is necessary."
11,"A 62-year-old man with no medical history presents with a spontaneous deep hematoma of the psoas muscle. The hemogram shows hemoglobin at 90 g/l and platelets at 170 g/l. His hemostasis assessment is as follows: aPTT ratio at 2.1, PT at 78%, and fibrinogen at 3.1 g/l. Mixing the patient's plasma with normal plasma does not correct the aPTT (Rosner index at 28 for a normal < 15). Testing of intrinsic pathway factors reveals factor VIII at 4%. What diagnostic hypothesis(es) do you consider? (one or more possible answers)
","The patient in question is a 62-year-old man with no prior medical history who has developed a spontaneous deep hematoma of the psoas muscle. This condition is characterized by bleeding within the muscle, which can be painful and potentially life-threatening. The hemogram results indicate a hemoglobin level of 90 g/l, which is slightly below the normal range, and platelets at 170 g/l, which is within the normal range. The hemostasis assessment shows an elevated aPTT ratio of 2.1, indicating a prolonged activated partial thromboplastin time, which suggests a possible deficiency or dysfunction in one of the clotting factors involved in the intrinsic pathway. The PT (prothrombin time) is 78%, which is within the normal range, and fibrinogen is 3.1 g/l, also within the normal range. The failure to correct the aPTT upon mixing the patient's plasma with normal plasma (Rosner index at 28) suggests an inhibitor may be present. Further testing reveals a significantly low factor VIII level at 4%, which is indicative of hemophilia A. Based on these findings, the diagnostic hypothesis for this patient could be hemophilia A with an inhibitor."
12,"A patient is brought unconscious by firefighters to the emergency room following a road traffic accident. She has multiple trauma for which an emergency brain and thoraco-abdomino-pelvic CT scan is performed. She presents with a splenic fracture requiring surgical intervention. Upon arrival, her husband informs you that she is approximately 8 weeks pregnant. The radiation dose received is 10 mGy. What are the risks associated with the accident and the medical management?
","The patient in question has been involved in a road traffic accident and is brought to the emergency room unconscious with multiple trauma. An emergency CT scan reveals a splenic fracture that requires surgical intervention. Additionally, it is discovered that the patient is approximately 8 weeks pregnant. The radiation dose from the CT scan is 10 mGy. Given these circumstances, it is important to consider the risks associated with both the accident and the medical management, including potential harm to the developing fetus from radiation exposure."
13,"A patient presents to your office for a preconception consultation. She is 32 years old, nulligravida. She has been monitored for a year for well-controlled arterial hypertension under perindopril, one tablet per day. She is using estrogen-progestin contraception which she plans to stop at the end of her pack. She weighs 81 kg and is 1.68 meters tall. She smokes 5 cigarettes per day but would like to quit. What do you plan at the end of the consultation? (one or more correct answers)
","The patient is a 32-year-old woman who has never been pregnant (nulligravida) and is seeking preconception counseling. She has well-controlled arterial hypertension, which is being managed with perindopril, a medication she takes once daily. Additionally, she is currently using estrogen-progestin contraception and intends to discontinue it at the end of her current pack. The patient weighs 81 kg and stands 1.68 meters tall. Although she smokes 5 cigarettes per day, she expresses a desire to quit. Based on this information, what recommendations or plans would you suggest at the conclusion of the consultation?"
14,"A 28-year-old woman consults for the palpation of a mass in the upper outer quadrant of the right breast. She is worried because her mother and maternal aunt had breast cancer at 55 and 60 years old, respectively. On clinical examination, you palpate a round and regular 15 mm mass, not adherent to the deep and superficial planes. There is no inflammation or skin retraction observed. No suspicious lymphadenopathy is palpated in the axillary and supraclavicular lymph node areas. What examination(s) should be requested initially?
","Breast cancer is a significant concern in women, especially those with a family history of the disease. In this case, the patient's mother and maternal aunt had breast cancer, which increases her risk. The clinical examination reveals a palpable mass in the upper outer quadrant of the right breast, which is round, regular, and not adherent to any planes. Given these findings, the initial examination to be requested would be a mammogram. This imaging test is crucial for evaluating breast tissue and can help identify any suspicious lesions or abnormalities that may require further investigation. Additionally, an ultrasound of the breast may also be considered as it can provide additional information about the nature of the mass."
15,"A 38-year-old woman consults 3 months after her third delivery for a request for contraception. She had a cesarean section, whereas her first two deliveries were vaginal. She has just stopped breastfeeding her child because she needs to resume her professional activity. In her medical history, she reports a uterine perforation during the insertion of an intrauterine device 7 years ago, a phlebitis under cast 10 years ago, and a cervical laser treatment 4 years ago for cervical dysplasia related to human papillomavirus infection. She does not smoke but ""vapes"" occasionally. The last cervical cytology, performed at the beginning of pregnancy, was normal. What contraceptive method(s) is(are) possible for this woman?
","The patient is a 38-year-old woman who has recently stopped breastfeeding after her third delivery. She is seeking contraception and has a history of a cesarean section, vaginal deliveries, uterine perforation from an intrauterine device (IUD) insertion, phlebitis, and cervical laser treatment for cervical dysplasia related to human papillomavirus (HPV) infection. She does not smoke but occasionally uses an e-cigarette. The last cervical cytology was normal. Given her medical history, what contraceptive methods are suitable for her?"
16,"In the case of suspected intraocular metallic foreign body, which examination(s) do you propose as an emergency?
","In the case of suspected intraocular metallic foreign body, which examination(s) do you propose as an emergency?  An intraocular metallic foreign body refers to a small metal object that has entered the eye. This can occur due to trauma or accidents involving metal particles, such as from grinding or welding. It is important to identify and manage this condition promptly to prevent further complications, such as infection or damage to the eye structures.  To diagnose an intraocular metallic foreign body, several emergency examinations can be proposed. These may include a thorough history and physical examination of the eye, assessment of visual acuity, evaluation of the eye's external structures, and examination of the anterior chamber and fundus using techniques like slit-lamp biomicroscopy and indirect ophthalmoscopy. Additionally, imaging studies such as X-ray, ultrasound, or CT scan may be ordered to locate and determine the extent of the foreign body within the eye."
17,"What is the correct statement(s) regarding voluntary termination of pregnancy (abortion) in France?
","In France, the legal framework surrounding voluntary termination of pregnancy, also known as abortion, is governed by specific laws and regulations. These laws aim to balance the rights of women with considerations of public health and ethical concerns. One key aspect of French abortion law is that it allows for the termination of pregnancy up to 12 weeks of gestation without restriction, making it accessible during the first trimester. Additionally, after 12 weeks, abortion can still be performed under certain conditions, such as when the pregnancy poses a grave risk to the woman's health or when there is a fetal anomaly incompatible with life."
18,"A chalazion
","A chalazion is a small, usually painless, lump or cyst on the eyelid that develops when an oil gland at the base of an eyelash becomes blocked. This blockage leads to the accumulation of oil and can cause inflammation. Chalazia are often confused with styes, which are similar but typically more painful and appear as a red, tender bump on the eyelid. Unlike styes, chalazia tend to develop more slowly and are not usually associated with an acute infection."
19,"What are the possible etiologies of decreased visual acuity associated with eye redness (several correct answers)?
","Decreased visual acuity refers to a decline in the sharpness or clarity of vision, which can result in difficulty seeing fine details. Eye redness, also known as conjunctival injection, is characterized by a visible red or pink coloration of the whites of the eyes due to increased blood flow. There are several potential causes for decreased visual acuity associated with eye redness, including corneal abrasion (a scratch on the surface of the cornea), iridocyclitis (inflammation of the iris and ciliary body), and keratitis (inflammation of the cornea). Other factors such as dry eye syndrome, blepharitis (inflammation of the eyelids), and uveitis (inflammation of the uveal tract) may also contribute to these symptoms."
20,"In cases of myopia (one or more correct answers):
","Myopia, also known as nearsightedness, is a refractive error where light rays focus in front of the retina, resulting in blurred distant vision. It is typically caused by an elongated eyeball or excessive curvature of the cornea. This condition can lead to various complications, including increased risk of retinal detachment, glaucoma, and cataracts. Additionally, individuals with myopia may experience visual discomfort, headaches, and difficulty seeing objects at a distance."
21,"You are managing an 83-year-old patient, well supported, on day 2 of knee arthroplasty. The Redon drains were removed without issue. She presents with a swollen knee, very edematous and inflammatory. The scar is fine, non-inflammatory. What is (are) the correct proposal(s)?
","The patient is an 83-year-old individual who underwent knee arthroplasty, a surgical procedure to replace the knee joint, two days ago. The Redon drains, which are used to remove excess fluid from the surgical site, were successfully removed without any complications. However, the patient now presents with a swollen and edematous knee, indicating an accumulation of fluid, along with signs of inflammation. The surgical scar appears to be in good condition and does not show any signs of inflammation. Given these findings, it is necessary to determine the appropriate course of action or proposal to address the swelling and inflammation in the knee."
22,"You are taking care of a 32-year-old patient, a computer scientist, with a smoking history of 15 pack-years, no medical or surgical history, who was the victim of a road accident resulting in a severe spinal cord injury due to a C5 cervical fracture osteosynthesized via the anterior approach on April 30, 2018. The weaning from mechanical ventilation was difficult, so he underwent a tracheostomy on May 21, 2018, after orotracheal intubation. The weaning was then achieved on May 29. Upon arrival, he is eupneic. He presents a stage 4 pressure sore on the right trochanter, with substance loss down to the bone. The base of the pressure sore is fibrous, and purulent secretions are very abundant without any inflammatory skin signs. What is the correct proposal(s)?
","The patient is a 32-year-old computer scientist with a history of smoking and no prior medical or surgical issues. He sustained a severe spinal cord injury due to a C5 cervical fracture in a road accident. The fracture was treated with osteosynthesis via an anterior approach. Following the accident, the patient experienced difficulty weaning off mechanical ventilation, leading to a tracheostomy after orotracheal intubation. Eventually, successful weaning was achieved. Currently, the patient is breathing normally (eupneic) but has developed a stage 4 pressure sore on the right trochanter. This pressure sore has resulted in substance loss down to the bone, with a fibrous base and abundant purulent secretions, although there are no signs of inflammation around the sore. The question is what the appropriate proposal(s) would be for this patient's condition."
23,"You are prescribing a standard articulated knee brace for one of your patients with a knee sprain. Check the correct prescription principle(s) for this type of medical device:
","When prescribing a standard articulated knee brace for a patient with a knee sprain, it is important to consider the correct principles for this type of medical device. These principles include providing support and stability to the knee joint, limiting excessive motion that may exacerbate the injury, and allowing for a range of motion that facilitates functional activities and rehabilitation exercises. Additionally, the brace should be adjustable to accommodate swelling or changes in the patient's condition."
24,"Regarding carpal tunnel syndrome, which proposition(s) is(are) true?
","Carpal tunnel syndrome is a condition characterized by symptoms such as numbness, tingling, and pain in the hand and arm. It occurs when the median nerve, which runs from the forearm into the hand, becomes compressed or irritated at the wrist. This compression can result from various factors, including repetitive motion or certain medical conditions. Treatment options for carpal tunnel syndrome may include splinting, physical therapy, medication, or surgery, depending on the severity of the condition."
25,"Regarding knee osteoarthritis, which is (are) the correct answer(s)?
","Knee osteoarthritis is a degenerative joint disease characterized by the breakdown of joint cartilage and underlying bone in the knee. It is commonly associated with aging and repetitive joint use, leading to symptoms such as pain, stiffness, and decreased range of motion. Treatment options for knee osteoarthritis may include non-pharmacological interventions like physical therapy and weight management, as well as pharmacological treatments such as nonsteroidal anti-inflammatory drugs (NSAIDs) and corticosteroid injections. In severe cases, surgical interventions like total knee replacement may be considered."
26,"A 78-year-old former mechanic comes in for consultation due to significant febrile inflammatory low back pain that has appeared over the past 10 days. You suspect a spondylodiscitis and decide to prescribe him a lumbar MRI. This patient has a total hip prosthesis placed 8 years ago and a valve prosthesis for 2 years. He received a coronary stent placement 3 months ago. He presents a glomerular filtration rate of 48 ml/min. During the interview, he reports having received metal fragments in his right eye and right cheek 40 years ago. What contraindicates the use of an injected MRI?
","The patient's history of metal fragments in the right eye and right cheek 40 years ago contraindicates the use of an injected MRI. This is because the presence of metallic foreign bodies can cause artifacts on MRI images and may pose a risk of movement or heating of the metal during the procedure. Additionally, the patient's renal function, as indicated by the glomerular filtration rate (GFR) of 48 ml/min, is important to consider as some MRI contrast agents can be nephrotoxic. Given these factors, it is crucial to avoid the use of an injected MRI in this patient to prevent any potential complications."
27,"In case of oculomotor nerve (III) paralysis, you may encounter during examination?
","In the case of oculomotor nerve (III) paralysis, during examination, you may encounter several clinical manifestations. The oculomotor nerve is responsible for controlling most of the eye's movements, including constriction of the pupil, accommodation for near vision, and eyelid elevation. Paralysis of this nerve can lead to a characteristic set of symptoms known as 'oculomotor nerve palsy,' which may include drooping of the eyelid (ptosis), an outward deviation of the eye (strabismus), dilated pupil (mydriasis), and inability to move the eye in certain directions. These findings are crucial for diagnosing oculomotor nerve dysfunction."
28,"A 62-year-old patient has a medical history of essential hypertension treated with monotherapy for 2 years and active smoking (45 pack-years). For about two weeks, he has been complaining of daily headaches that typically occur in the second part of the night. Initially, they gradually decreased during the morning. For about 3 days, they have been constant. These headaches are described as diffuse and helmet-like, fluctuating in intensity, and are worsened by physical activity. He also complains of a lack of appetite and nausea, both of which have progressively developed. The patient is afebrile. What syndrome do you suggest in light of this picture?
","The patient's symptoms of daily headaches that occur in the second part of the night, along with a lack of appetite and nausea, may suggest a condition known as Hypertensive Brainstem Encephalopathy. This syndrome is characterized by symptoms that are often associated with high blood pressure and can affect the brainstem. The patient's history of essential hypertension and smoking may contribute to the development of this syndrome. It is important to consider other possible causes as well, but given the clinical picture, Hypertensive Brainstem Encephalopathy should be considered as a potential diagnosis."
29,"A 59-year-old patient has developed a tremor in the last three fingers of the right hand that those around him have also noticed while walking. He swings the right upper limb less while walking. Upon examination, you note that the tremor disappears with arms outstretched. You observe that passive mobilization of the right elbow is more difficult and that mobilization of the right shoulder is painful. The deep tendon reflexes are normal. This type of tremor is probably aggravated by:
","The patient is experiencing a tremor in the last three fingers of the right hand, which is noticeable during walking and diminishes when the arms are outstretched. This suggests a possible neurological condition. The difficulty in passive mobilization of the right elbow and painful mobilization of the right shoulder indicate potential joint involvement. Normal deep tendon reflexes suggest that the tremor is not due to an abnormal reflex response. Based on these findings, the tremor is likely aggravated by a specific condition that affects the nervous system and joints."
30,"Among the following propositions, which one(s) apply(ies) to a central neurogenic bladder?
","A central neurogenic bladder refers to a condition where there is a disruption in the normal functioning of the bladder due to damage or dysfunction in the central nervous system. This can result from various causes such as spinal cord injury, multiple sclerosis, or brain trauma. In a central neurogenic bladder, the bladder muscles may become hyperactive, leading to involuntary contractions and urgency to urinate. Additionally, there may be impaired sensation of bladder fullness and difficulty with voluntary control over urination."
31,"Which of the following foods contain more than 5% carbohydrates?
","To determine which foods contain more than 5% carbohydrates, it is important to understand the nutritional content of various food groups. Carbohydrates are a primary source of energy for the body and can be found in a variety of foods. Foods high in carbohydrates include fruits, vegetables, grains, legumes, and dairy products. It is essential to read food labels or consult reliable nutrition sources to accurately identify the carbohydrate content of specific foods."
32,"Among the following biological signs, which one(s) guide you towards iatrogenic adrenal insufficiency in a 38-year-old patient with a history of Crohn's disease treated for 5 years with 10 mg/day of prednisone?
","Iatrogenic adrenal insufficiency refers to a condition where the adrenal glands do not produce enough cortisol due to prolonged use of corticosteroid medications, such as prednisone. In this case, the patient has been taking prednisone for 5 years to manage their Crohn's disease. Biological signs that may indicate iatrogenic adrenal insufficiency include changes in blood pressure, electrolyte imbalances, and symptoms of adrenal insufficiency such as fatigue, weight loss, and low blood sugar."
33,"You see in consultation a 15-day-old newborn who presents with isolated fever at 38.2°C and a preserved general condition.
","The newborn in question is presenting with a fever of 38.2°C, which is considered a high body temperature for an infant. Fever in newborns can be a sign of an underlying infection and requires further investigation. The preserved general condition suggests that the baby appears well otherwise, without any obvious signs of distress or illness. It is important to assess the baby's vital signs, perform a physical examination, and consider obtaining laboratory tests to determine the cause of the fever and guide appropriate management."
34,"In the presence of a tongue lesion, what clinical sign(s) would suggest a malignant origin?
","When evaluating a tongue lesion, there are several clinical signs that may suggest a malignant origin. These signs include ulceration, which refers to the formation of an open sore on the surface of the tongue; induration, which is characterized by an abnormal hardening or thickening of the tissue; and fixation to the floor of the mouth, indicating that the lesion is attached and does not move freely when probed. Additionally, a malignant tongue lesion may bleed easily upon examination. These signs, along with others, can help clinicians differentiate between benign and malignant lesions and guide further diagnostic and treatment decisions."
35,"You are intervening at the home of an infant found deceased by their parents a few minutes ago:
","When responding to the home of an infant found deceased by their parents, it is crucial to approach the situation with sensitivity and follow a systematic protocol for neonatal resuscitation. Upon arrival, assess the scene for safety and potential hazards. Begin by evaluating the infant's responsiveness and breathing. If the infant is unresponsive and not breathing or has agonal gasps, immediately start cardiopulmonary resuscitation (CPR) using a ratio of 15:2 (15 compressions to 2 breaths) for approximately two minutes. If there is no response after this initial period, consider additional interventions such as administering oxygen or medications, while continuing CPR. It is essential to involve emergency medical services as soon as possible to transport the infant to a medical facility for further evaluation and management."
36,"You explain to young parents whose child is experiencing a first febrile episode the measure(s) to take during this episode.
","Febrile episodes in children, commonly known as fevers, are often a sign that the body is fighting off an infection. When a child experiences a fever, it is important for parents to take appropriate measures to manage the fever and ensure the child's comfort. These measures include monitoring the child's temperature regularly, encouraging fluid intake to prevent dehydration, and using fever-reducing medications such as acetaminophen or ibuprofen under the guidance of a healthcare professional. Additionally, parents should observe the child for any other symptoms that may require medical attention."
37,"Regarding cervical swellings, what is the exact item(s)?
","Cervical swellings refer to any abnormal growths or enlargements found in the neck area. These swellings can be caused by a variety of conditions, including infections, inflammation, benign tumors, or even cancer. It is important to identify the specific cause of a cervical swelling in order to determine the appropriate treatment."
38,"Regarding peritonsillar abscess, what are the exact item(s)?
","Peritonsillar abscess is a condition characterized by a collection of pus in the peritonsillar space, which is located between the capsule of the palatine tonsil and the superior constrictor muscle of the pharynx. This abscess typically presents with severe throat pain, difficulty swallowing, trismus (lockjaw), and a 'hot potato' voice. The exact items involved in peritonsillar abscess are the palatine tonsil, its capsule, and the superior constrictor muscle."
39,"Regarding benign paroxysmal positional vertigo, what is (are) the exact item(s)?
","Benign paroxysmal positional vertigo (BPPV) is a condition characterized by sudden episodes of dizziness or vertigo triggered by specific head movements. The exact cause of BPPV is the displacement of otoconia, which are tiny calcium carbonate crystals located in the utricle of the inner ear. These crystals play a role in sensing gravity and head position. When they become dislodged and move into one of the semicircular canals, it can cause brief episodes of vertigo that come and go."
40,"A 32-year-old patient presents to the emergency room with asthenia. There are no other abnormalities on clinical examination. Biological tests reveal an increase in transaminases, with AST = 1362 IU (normal <40), ALT = 2348 IU (normal <40). What are the possible cause(s) of this increase in transaminases?
","Asthenia refers to a general feeling of weakness or lack of energy. In this case, the patient's elevated transaminase levels, specifically AST (aspartate aminotransferase) and ALT (alanine aminotransferase), indicate liver damage. Transaminases are enzymes that are primarily found inside liver cells, and their levels in the blood can increase when there is liver injury or disease. The significant elevation of AST and ALT suggests acute liver damage, which could be caused by various factors such as viral hepatitis, alcohol abuse, drug toxicity, autoimmune disorders, or genetic conditions. Further diagnostic tests would be necessary to determine the exact cause of the liver damage in this patient."
41,"A 62-year-old patient presents with progressively developed hyponatremia. He appears clinically euvolemic. His blood biochemistry results are as follows: Na 125 mmol/l, K 4 mmol/l, chloride 110 mmol/l, HCO3- 25 mmol/l, blood glucose 5 mmol/l, proteins 67 g/l, urea 4 mmol/l, creatinine 78 µmol/l. Urine test results: Na 100 mmol/l, K 25 mmol/l, urea 350 mmol/l, creatinine 8 mmol/l. What are the possible causes of this biological profile? (one or more correct answers)?
","Hyponatremia refers to a condition characterized by low sodium levels in the blood. In this case, the patient has a sodium level of 125 mmol/l, which is below the normal range. The term 'euvolemic' indicates that the patient does not show signs of dehydration or fluid overload.  The blood biochemistry results reveal additional information about the patient's condition. The potassium level is within the normal range, while the chloride and bicarbonate levels are slightly elevated. The blood glucose, protein, urea, and creatinine levels are all within the normal range.  The urine test results provide further insight. The high urine sodium level suggests that the kidneys are not conserving sodium, which is unusual in cases of hyponatremia. The elevated urine osmolality indicates concentrated urine, which could be a response to the low blood sodium levels.  Based on these findings, the possible causes of this biological profile include syndrome of inappropriate antidiuretic hormone secretion (SIADH), which is characterized by excessive production of antidiuretic hormone leading to water retention and dilutional hyponatremia. Another possibility is cerebral salt wasting syndrome, which occurs due to excessive renal sodium excretion in patients with neurological disorders. Additionally, the use of certain medications such as diuretics or selective serotonin reuptake inhibitors (SSRIs) can also lead to hyponatremia."
42,"An 86-year-old patient is hospitalized for hematemesis. He is known to have viral hepatitis B, not monitored. His family describes a bloody vomit equivalent in volume to that of a basin. On examination, he presents with ascites and asterixis. The systolic blood pressure is at 55 mmHg. Among the following elements, which is (are) associated with a poor prognosis?
","Hematemesis refers to the vomiting of blood, which can be indicative of severe gastrointestinal bleeding. In this case, the patient's significant hematemesis, along with a history of viral hepatitis B and current symptoms of ascites (the accumulation of fluid in the peritoneal cavity) and asterixis (a flapping tremor of the hands), suggests a potential diagnosis of hepatic encephalopathy or upper gastrointestinal bleeding secondary to portal hypertension. The low systolic blood pressure of 55 mmHg indicates hypotension, which may be a result of the acute blood loss. These findings raise concerns for the patient's prognosis, and it is important to identify which factors are associated with a poor outcome in this context."
43,"A 62-year-old patient presents the following biological results: Na 142 mmol/l, K 5.7 mmol/l, chloride 110 mmol/l, HCO3- 18 mmol/l, proteins 88 g/l, urea 20 mmol/l, creatininemia 170 µmol/l. Which medication(s) can cause this biological profile? (one or more correct answers)
","The biological profile presented by the 62-year-old patient indicates hyperkalemia (high potassium levels), hyponatremia (low sodium levels), hypochloremia (low chloride levels), metabolic acidosis (low bicarbonate levels), hyperproteinemia (high protein levels), and renal impairment (high urea and creatinine levels). This profile is suggestive of a condition known as renal tubular acidosis (RTA), which can be caused by certain medications. One medication commonly associated with RTA is amphotericin B, an antifungal medication that can cause electrolyte imbalances and kidney damage. Other medications that can cause similar effects include certain diuretics, such as spironolactone and triamterene, which can disrupt electrolyte balance and lead to RTA."
44,"You are managing a 67-year-old female patient in the emergency department whose reason for admission is right calf pain. The interview and clinical examination reveal a progressive cancer undergoing treatment and localized tenderness along the deep venous network on the right. The rest of the examination is unremarkable. You use a simplified clinical prediction model for deep vein thrombosis (DVT) which indicates a 17% probability of DVT. You request a venous Doppler ultrasound of the lower limbs to confirm this suspicion of DVT. Among the following options, which one(s) is (are) correct?
","The patient is a 67-year-old female with a history of progressive cancer who presents to the emergency department with right calf pain. Upon examination, localized tenderness along the deep venous network on the right is noted. A simplified clinical prediction model for deep vein thrombosis (DVT) suggests a 17% probability of DVT in this patient. To confirm this suspicion, a venous Doppler ultrasound of the lower limbs is ordered."
45,"A 43-year-old patient consults for moderate hyperferritinemia at 2 times normal discovered during a routine examination conducted by occupational medicine. He is asymptomatic. Which element(s) would suggest a metabolic hepatosiderosis?
","Hyperferritinemia refers to elevated levels of ferritin, a protein that stores iron in the body. Moderate hyperferritinemia is defined as ferritin levels two times the normal range. Metabolic hepatosiderosis is a condition characterized by the accumulation of iron in the liver due to metabolic disorders.  To determine if the patient has metabolic hepatosiderosis, additional elements need to be considered. These may include the presence of abnormal glucose levels, dyslipidemia (abnormal lipid profile), and/or elevated liver enzymes such as alanine transaminase (ALT) and aspartate transaminase (AST). These factors, along with the hyperferritinemia, can suggest underlying metabolic disorders leading to iron accumulation in the liver."
46,"In the case of sigmoid diverticulitis, a contrast-enhanced abdominopelvic CT scan is performed. It may show (one or more correct answers):
","In the case of sigmoid diverticulitis, a contrast-enhanced abdominopelvic CT scan is performed to evaluate the condition. This imaging technique allows for detailed visualization of the abdominal and pelvic organs, including the sigmoid colon. The CT scan may reveal the presence of diverticula, which are small pouches that can form in the colon wall and become inflamed or infected, leading to diverticulitis. Additionally, the scan may show signs of inflammation, such as thickening of the colon wall, pericolic fluid, or abscesses."
47,"In which situation(s) does a patient benefit from an exemption from the copayment (based on social security rates)?
","Patients may be exempt from copayment under certain circumstances, which can vary based on social security rates. One common scenario where a patient might be exempt from copayment is if they have a low income that falls below a specific threshold set by the social security system. Additionally, patients with chronic illnesses or disabilities may also be eligible for a copayment exemption. It is important to note that the specific criteria for copayment exemptions can vary depending on the country's healthcare system and social security policies."
48,"A 48-year-old patient has been experiencing headaches for several weeks, leading to a diagnosis of high blood pressure. The average of his ambulatory blood pressures is 177/92 mmHg. His biological assessment is as follows: Na 142 mmol/L, K 3.4 mmol/L, creatinine 70 µmol/L, calcium 2.5 mmol/L. 24-hour urine output: 1400 ml. Urinary ionogram: Na=180 mmol/L, K=50 mmol/L, proteinuria <0.01 g/L. Based on this assessment, what cause(s) should you consider for this high blood pressure?
","The patient's symptoms and laboratory findings suggest the possibility of secondary hypertension, which is high blood pressure attributed to an underlying medical condition rather than being primary or essential. The low potassium level (hypokalemia) and high sodium level (hypernatremia) in the blood, along with the presence of proteinuria, indicate potential abnormalities in renal function. One possible cause to consider is aldosterone excess, which can lead to increased sodium reabsorption and potassium excretion, resulting in hypertension and hypokalemia. This could be due to an adrenal gland disorder such as primary aldosteronism or hyperaldosteronism."
49,"Does that tumor marker have relevance in screening, diagnosis, prognosis, and monitoring of the cancer for which it is specific? (1 answer)
","The question pertains to the clinical utility of a specific tumor marker in the context of screening, diagnosis, prognosis, and monitoring of a particular type of cancer. Tumor markers are substances produced by cancer cells or by other cells in response to cancer, and they can be detected in blood, urine, or tissues. The relevance of a tumor marker lies in its ability to aid in the early detection of cancer, confirm a diagnosis, predict the likely course and outcome of the disease, and assess the effectiveness of treatment and follow-up. Understanding the role of tumor markers is crucial for guiding patient management and improving outcomes in cancer care."
50,"As part of the law of February 2, 2016, known as the ""Claeys-Leonetti"" law, when a patient can no longer express themselves, a treatment that appears unnecessary, disproportionate, or when it has no effect other than the sole artificial maintenance of life, may be suspended following a collegial procedure defined by regulatory means. What elements are provided in this procedure?
","The procedure for end-of-life decisions in France, as outlined in the Claeys-Leonetti law, involves a collegial approach that includes several key elements. These elements are designed to ensure careful consideration and ethical decision-making when a patient is no longer able to express their wishes. The procedure includes the involvement of a team of healthcare professionals who assess the patient's condition and treatment options. This team evaluates whether the current treatment is unnecessary, disproportionate, or solely serving to artificially maintain life. Additionally, the patient's advance directives, if any, are taken into account. The decision to suspend treatment is made following a thorough discussion and consensus among the healthcare team, ensuring a comprehensive and compassionate approach to end-of-life care."
51,"On which means is the evaluation of the qualitative dimension of pain based?
","The evaluation of the qualitative dimension of pain is based on the patient's self-report. This involves asking the patient to describe the characteristics of their pain, such as its intensity, location, duration, and any associated symptoms. The patient may also be asked to rate their pain using a numerical scale or to choose from a list of descriptive words, such as sharp, dull, burning, or throbbing. These self-reports help healthcare providers understand the nature of the pain and tailor treatment accordingly."
52,"By what therapeutic means can neuropathic pain be managed as first-line treatment?
","Neuropathic pain is a type of chronic pain that arises from damage or dysfunction of the nervous system. It can be challenging to treat and requires a multimodal approach. First-line treatments for neuropathic pain include tricyclic antidepressants (TCAs) such as amitriptyline, selective serotonin-norepinephrine reuptake inhibitors (SSNRIs) like duloxetine, and anticonvulsants such as pregabalin. These medications work by modulating pain pathways in the brain and spinal cord to reduce the perception of pain."
53,"A 55-year-old patient is being cared for in a palliative care unit for a terminal stage progression of respiratory failure complicating major emphysema. His main complaint is an increase in his dyspnea. How should this dyspnea be managed? (one or more correct answers)
","The patient is a 55-year-old individual receiving care in a palliative care unit due to advanced respiratory failure resulting from severe emphysema. Emphysema is a chronic obstructive pulmonary disease (COPD) characterized by the destruction of the alveoli, leading to reduced lung function and difficulty breathing. The patient's primary concern is worsening dyspnea, which refers to shortness of breath or difficulty breathing. Management of dyspnea in this context involves addressing the underlying cause, optimizing bronchodilator therapy, and providing supportive measures such as supplemental oxygen and breathing techniques."
54,"Bariatric surgery such as sleeve gastrectomy may be proposed (one or more correct answers):
","Bariatric surgery, including sleeve gastrectomy, is a weight loss procedure that may be recommended for individuals who are obese and have not been successful in losing weight through other means such as diet and exercise. Sleeve gastrectomy involves removing a large portion of the stomach, which restricts the amount of food that can be consumed and leads to significant weight loss. This type of surgery is typically reserved for patients with a body mass index (BMI) of 40 or higher, or a BMI of 35-39.9 with associated health conditions such as type 2 diabetes, hypertension, or sleep apnea. The decision to propose bariatric surgery takes into consideration the patient's overall health, medical history, and willingness to commit to lifestyle changes post-surgery."
55,"A 52-year-old patient with no significant medical history presents with arterial hypertension, proteinuria of 2 g/24h, hematuria with 105 red blood cells/ml, and creatininemia at 130 µmol/l. His vesicorenal ultrasound is normal. Here is the report of his renal biopsy: cortical fragment comprising 15 glomeruli of which 4 are sclerotic. The permeable glomeruli show mesangial and endocapillary proliferation. Moderate arteriolosclerosis lesions. Tubular atrophy and interstitial fibrosis lesions on about 20% of the parenchyma. Immunofluorescence shows IgA deposits at +++ in the mesangium and C3 at 1+ in the vessels and glomeruli. What is the possible diagnosis or diagnoses?
","The patient in question is a 52-year-old individual with no significant medical history who is presenting with arterial hypertension (high blood pressure), proteinuria (presence of excess protein in the urine), hematuria (presence of red blood cells in the urine), and creatininemia (elevated levels of creatinine in the blood). The vesicorenal ultrasound, which examines the kidneys and bladder, is normal. The renal biopsy report indicates the presence of sclerotic glomeruli (scarred kidney filtration units), mesangial and endocapillary proliferation (indicative of inflammation in the glomeruli), moderate arteriolosclerosis (hardening of small blood vessels in the kidneys), tubular atrophy (wasting away of kidney tubules), and interstitial fibrosis (scarring of kidney tissue). Immunofluorescence testing reveals the presence of IgA deposits in the mesangium (part of the glomerulus) and C3 deposits in the vessels and glomeruli. Based on these findings, the possible diagnosis or diagnoses should be considered."
56,"What elements guide you towards the occupational origin of allergic contact eczema in a plastic industry worker involved in the manufacturing of pleasure boats (one or more possible answers)?
","Allergic contact eczema is a type of skin condition that occurs when the skin comes into direct contact with an allergen, leading to an immune response and subsequent inflammation. In the case of a plastic industry worker involved in the manufacturing of pleasure boats, there are several elements that can guide towards identifying the occupational origin of the allergic contact eczema. These elements include the presence of specific chemical substances or allergens commonly used in the manufacturing process, such as epoxy resins, polyurethane, or other plastics-related chemicals. Additionally, the distribution pattern of the eczema, particularly if it corresponds to areas of direct contact with the materials or equipment used in the workplace, can also provide valuable clues."
57,"Young general practitioner, you are seeing for the first time a 52-year-old patient who complains of insomnia, anxious ruminations, a loss of vital drive, and withdrawal from family and professional activities. He indicates that his symptoms appeared 6 months ago, following the arrival of a new team leader who continually remarks on his slowness at work and lack of intellectual abilities. He even reports insults directed at him repeatedly when he was alone with his manager. This patient has no notable medical history, except for a reactive depression due to a divorce 10 years ago. The patient is asking you to make a declaration of an occupational disease. What should you indicate on the initial medical certificate?
","The patient is presenting with symptoms of insomnia, anxious ruminations, loss of vital drive, and withdrawal from activities, which began after experiencing workplace harassment and bullying. These symptoms are indicative of a possible occupational disease, specifically work-related stress leading to depression. The patient's history of reactive depression due to a divorce suggests a predisposition to depressive episodes. As the general practitioner, it is important to assess the impact of the workplace environment on the patient's mental health and determine if the current symptoms are a direct result of the harassment and bullying. The initial medical certificate should reflect the need for further evaluation and consider the possibility of an occupational disease."
58,"A 12-year-old patient is admitted to the pediatric emergency department for a meningeal syndrome. He is placed in an examination room by a nursing assistant, and the nurse comes to take his temperature and blood pressure. The intern then comes to examine the child and suspects an invasive meningococcal infection, which will be confirmed by CSF analysis (meningococcus C). The nurse, aged 30, approaches the intern saying she is worried because she is pregnant and asks what she should do as she handled the child without a mask and is not vaccinated against meningococcus. What measure(s) should be proposed to her?
","The nurse, who is pregnant and not vaccinated against meningococcus, is concerned about her potential exposure to the bacteria after handling a 12-year-old patient suspected of having an invasive meningococcal infection. Meningococcal infection is a serious bacterial infection that can cause meningitis, an inflammation of the meninges, the membranes surrounding the brain and spinal cord. It can be transmitted through respiratory droplets from an infected person. Given the nurse's situation, it is important to consider measures to prevent potential transmission of the infection and protect her and the developing fetus."
59,"What hygiene measures should be taken upon entering the room to care for a patient with pulmonary tuberculosis?
","When entering the room of a patient with pulmonary tuberculosis, it is crucial to take specific hygiene measures to prevent the spread of the disease. Pulmonary tuberculosis is an infectious condition caused by the bacteria Mycobacterium tuberculosis, which primarily affects the lungs but can also impact other parts of the body. To minimize the risk of transmission, healthcare workers should wear personal protective equipment such as gloves, masks (preferably N95 respirators), and gowns to protect themselves and others from potential exposure to the bacteria. These precautions are essential in ensuring the safety of both the healthcare provider and other patients within the healthcare setting."
60,"What are the mandatory vaccinations for a nurse working in a hospital care unit (one or more possible answers)?
","As a nurse working in a hospital care unit, it is essential to ensure you are up to date with the mandatory vaccinations to protect yourself and your patients from preventable diseases. These vaccinations are crucial because healthcare workers can be exposed to various infectious agents during their duties. The specific mandatory vaccinations may vary depending on the country or healthcare facility's policies, but common examples include the influenza vaccine, measles-mumps-rubella (MMR) vaccine, hepatitis B vaccine, and varicella vaccine. Additionally, some hospitals may require other vaccinations such as the pertussis (whooping cough) vaccine or the hepatitis A vaccine."
61,"Regarding acute peritonitis, which proposal(s) do you consider?
","Acute peritonitis refers to the inflammation of the peritoneum, which is the thin tissue lining the abdominal cavity and covering most of the organs within it. This condition can be caused by various factors such as infection, injury, or organ rupture. When considering treatment options for acute peritonitis, proposals may include surgical intervention to remove any sources of infection or to repair damaged organs, as well as administration of antibiotics to address bacterial infections. Additionally, supportive care such as fluid replacement and pain management may be necessary to stabilize the patient."
62,"Concerning acute intestinal obstruction, which information is accurate?
","Acute intestinal obstruction refers to the sudden blockage of the intestine, which can lead to various symptoms and complications. It is important to identify the cause and severity of the obstruction promptly for appropriate management. This condition can be caused by mechanical blockages, such as gallstones or tumors, or non-mechanical causes like severe inflammation or twisting of the intestine. Understanding the pathophysiology, clinical presentation, and diagnostic approaches to acute intestinal obstruction is crucial for accurate diagnosis and effective treatment."
63,"Regarding the obstructive syndrome: (one or more correct answers)
","The obstructive syndrome refers to a group of respiratory disorders characterized by airflow limitation that is not fully reversible. This is typically caused by a partial or complete blockage of the airways, which impedes the flow of air in and out of the lungs. Common examples of obstructive syndromes include chronic obstructive pulmonary disease (COPD), asthma, and bronchiectasis. These conditions often present with symptoms such as wheezing, coughing, shortness of breath, and chest tightness."
64,"Mr. M, a 58-year-old, is referred to you for abnormalities in iron metabolism. In his medical history, only diabetes diagnosed 3 months ago is noted. On clinical examination, the temperature is 37.3 °C. You note hepatomegaly assessed at 5 cm below the right costal margin. His iron metabolism profile is presented below: transferrin saturation coefficient (TSC) at 62%, ferritin at 1200 ng/ml (normal 30 to 300 ng/ml). Among the following options, which cause(s) could explain the abnormalities in the iron metabolism presented in this clinical context?
","The patient, Mr. M, is a 58-year-old male with a recent diagnosis of diabetes. He has been referred for abnormalities in iron metabolism, which is evident from his elevated transferrin saturation coefficient (TSC) of 62% and significantly high ferritin levels of 1200 ng/ml, which is well above the normal range of 30 to 300 ng/ml. Hepatomegaly, or an enlarged liver, is also noted during the clinical examination. These findings suggest the possibility of an iron overload disorder, which could be due to various causes such as genetic conditions, chronic liver diseases, or excessive dietary iron intake. It is important to identify the underlying cause of these abnormalities in order to guide appropriate management and treatment."
65,"Upon admission of a polytraumatized patient in severe hemorrhagic shock (one or more correct answers):
","In the case of a polytraumatized patient presenting with severe hemorrhagic shock, several critical steps need to be taken upon admission. Hemorrhagic shock is a life-threatening condition resulting from severe blood loss, which can lead to inadequate oxygen and nutrient supply to vital organs. Polytrauma refers to the presence of multiple traumatic injuries, which often occur due to high-energy events such as car accidents or falls from significant heights. The management of a polytraumatized patient in hemorrhagic shock requires immediate resuscitation efforts, including fluid replacement, control of bleeding, and stabilization of vital signs."
66,"A 22-year-old male presents to the emergency department due to asthenia associated with a 39°C fever persisting for 72 hours. He complains of odynophagia and diffuse myalgias. On clinical examination, cervical adenopathies and splenomegaly measuring one finger breadth are found. A blood panel was performed in town and shows the following results: hemoglobin 13.2 g/dl, MCV 89 fl, platelets 120 g/l, leukocytes 10.6 g/l, neutrophils 1.6 g/l, basophils 0.1 g/l, eosinophils 0.4 g/l, lymphocytes 8 g/l, monocytes 0.5 g/l. Blood smear: presence of numerous large lymphocytes with a hyper-basophilic cytoplasm. Among the following complementary examinations, which one(s) seem appropriate to perform initially in this clinical context?
","The patient is a 22-year-old male who has been experiencing weakness (asthenia) along with a high fever of 39°C for the past 72 hours. He also complains of painful swallowing (odynophagia) and muscle aches (diffuse myalgias). During the physical examination, the healthcare provider found swollen lymph nodes in the neck (cervical adenopathies) and an enlarged spleen (splenomegaly) measuring one finger breadth. The blood panel results indicate a hemoglobin level of 13.2 g/dl, mean corpuscular volume (MCV) of 89 fl, platelet count of 120 g/l, leukocyte count of 10.6 g/l, with specific counts for neutrophils, basophils, eosinophils, lymphocytes, and monocytes. The blood smear revealed the presence of many large lymphocytes with a hyper-basophilic cytoplasm. Given these findings, which additional tests should be performed initially to further investigate this clinical scenario?"
67,"A patient presents with claudication for a distance evaluated at 400 meters resulting in pain in the right calf. On clinical examination, you note: the absence of edema in the lower limbs, the presence of all peripheral pulses in the left lower limb, while the popliteal pulse is broad and very easy to palpate; on the right, only the femoral pulse is perceived; there are neither sensory nor motor disturbances in the lower limbs. Finally, you find a left iliac bruit. What arterial lesion(s) should you suspect?
","The patient is experiencing intermittent claudication, which is pain in the calf muscle during exercise due to inadequate blood flow. The absence of edema and normal sensory and motor function suggest that the arterial lesion is not causing acute limb ischemia. The presence of all peripheral pulses in the left lower limb and only the femoral pulse in the right lower limb, along with a broad and easily palpable popliteal pulse on the right, indicates a possible stenosis or occlusion in the right superficial femoral artery. The presence of a left iliac bruit suggests turbulent blood flow, which may indicate an arterial lesion in the left iliac artery as well. Therefore, the most likely diagnosis is an iliac artery stenosis on the left side and superficial femoral artery stenosis on the right side."
68,"Regarding the murmur in mitral insufficiency, what is (are) the correct statement(s)?
","Mitral insufficiency, also known as mitral regurgitation, is a condition where the mitral valve does not close properly, allowing blood to flow backward into the left atrium from the left ventricle during systole. This can result in volume overload in the left atrium and reduced forward cardiac output. The murmur associated with mitral insufficiency is typically a holosystolic, decrescendo murmur heard best at the apex and radiating to the axilla."
69,"In a clinical trial, the random assignment (randomization) of the treatment being evaluated is intended to:
","In a clinical trial, the random assignment or randomization of the treatment being evaluated is intended to distribute both known and unknown confounding factors evenly across all study groups. This process helps to minimize bias and ensure that any observed effects are due to the treatment itself rather than other variables. Randomization is a key principle of clinical trial design, as it allows researchers to make more accurate assessments of the treatment's efficacy and safety. By randomly assigning participants to different treatment groups, the influence of potential confounders is balanced, increasing the validity of the study results."
70,"Measures of association that can be estimated in a cross-sectional etiological epidemiological study include:
","In a cross-sectional etiological epidemiological study, which is a type of observational study that analyzes data from a population at a single point in time, measures of association are used to determine the relationship between exposure to a potential risk factor and the presence of a disease or outcome. These measures help to identify whether there is an association between the exposure and the disease, and if so, the strength and direction of that association. The key measures of association estimated in such studies include relative risk (RR), which compares the risk of the disease in the exposed group to the unexposed group, odds ratio (OR), which compares the odds of the disease in the exposed group to the unexposed group, and attributable risk (AR), which quantifies the excess risk in the exposed group compared to the unexposed group. These measures are crucial for understanding the relationship between exposures and outcomes in a population."
71,"In the list of the following bacterial infections, which one(s) is(are) not usually associated with leukocytosis?
","Leukocytosis refers to an increase in the number of white blood cells (leukocytes) in the blood, which is often a response to infection or inflammation. Bacterial infections commonly associated with leukocytosis include pneumonia, urinary tract infections, and cellulitis. However, certain bacterial infections may not typically cause an increase in white blood cell count."
72,"Among the following parasitic diseases, which one(s) is(are) transmitted through skin contact (walking barefoot, bathing) with water or damp soil?
","The question refers to parasitic diseases that can be transmitted through direct contact with water or damp soil, specifically when an individual is walking barefoot or bathing. This mode of transmission is common in certain parasitic infections where the parasite's life cycle involves water or soil as a medium for transmission. The diseases transmitted in this manner typically penetrate the skin barrier and enter the human body. Examples of such diseases include schistosomiasis and strongyloidiasis."
73,"The medical certificate describing injuries secondary to violence: (one or more correct answers)
","The medical certificate describing injuries secondary to violence is known as a Medico-Legal Certificate (MLC). This document is prepared by a healthcare professional following the examination of a patient who has sustained injuries as a result of violent acts, such as physical assault, sexual assault, or other forms of intentional harm. The MLC serves as legal evidence and includes details about the nature and extent of the injuries, as well as any relevant findings or observations that may be useful in a court of law. It is an essential component in the documentation and prosecution of violent crimes."
74,"In the absence of a statistically significant difference in the primary endpoint between the two groups of a prospective randomized placebo-controlled trial, it is necessary to consider:
","In the absence of a statistically significant difference in the primary endpoint between the two groups of a prospective randomized placebo-controlled trial, it is necessary to consider the potential reasons for this outcome. One possibility is that the intervention being tested may not be effective in achieving the desired outcome, indicating that further research or modifications to the intervention may be needed. Another consideration is the possibility of a type II error, where the study did not have enough power to detect a true difference between the groups. This could be due to factors such as small sample size or insufficient duration of the study. Additionally, confounding variables or limitations in the study design could also contribute to the lack of a statistically significant difference."
75,"The association at autopsy of a recent, bilateral, and multifocal subdural hematoma and bilateral retinal hemorrhages in a 6-month-old baby without any particular history suggests the diagnosis of: (one or more correct answers)
","The presence of a recent, bilateral, and multifocal subdural hematoma, along with bilateral retinal hemorrhages, in a 6-month-old baby without any specific history indicates a diagnosis of child abuse, specifically inflicted traumatic brain injury or shaken baby syndrome. Subdural hematoma refers to bleeding between the brain and its outermost covering, while retinal hemorrhages are bleeding in the back of the eye. These findings are highly suggestive of non-accidental trauma and require further investigation and appropriate management to ensure the safety and well-being of the child."
76,"The administrative section of the death certificate, whether in electronic or paper form, is transmitted: (one or more correct answers)
","The administrative section of the death certificate contains information such as the cause and manner of death, as well as personal details about the deceased. This section is typically completed by the physician or medical examiner who certifies the death. The transmission of this information, whether in electronic or paper form, is a critical step in the process of reporting and registering deaths. It allows for accurate data collection and analysis, which can be used for public health surveillance, research, and statistical purposes."
77,"Congenital long QT syndrome is an inherited arrhythmia disorder with autosomal dominant transmission that predisposes to sudden death from childhood and can be subject to preventive management. This pathology is very heterogeneous genetically. What are the correct proposal(s):
","Congenital long QT syndrome (LQTS) is a genetic disorder that affects the electrical system of the heart, leading to irregular heart rhythms or arrhythmias. It is inherited in an autosomal dominant manner, meaning that only one copy of the mutated gene from either parent is sufficient to cause the condition. LQTS can lead to life-threatening arrhythmias, such as torsades de pointes, which may result in fainting, seizures, or sudden death, particularly during childhood. Due to its genetic heterogeneity, there are multiple genes implicated in LQTS, each associated with different clinical features and risk profiles."
78,"Drafting a descriptive medical certificate requires the evaluation of ITT in the criminal sense of the term. What is the meaning of this acronym?
","ITT stands for 'Intent to Transfer'. In the criminal sense, it refers to the evaluation of whether an individual intended to transfer or deliver a controlled substance to another person. This evaluation is crucial in drafting a descriptive medical certificate, as it helps determine the legal implications and potential charges associated with drug-related offenses. Understanding the concept of ITT is essential for accurately assessing criminal liability in cases involving drug trafficking or distribution."
79,"You receive in consultation a pregnant woman for the morphological ultrasound at 22 weeks of amenorrhea. Her couple has no family history. Fetal growth is normal. She underwent first-trimester combined screening with a calculated risk of trisomy 21 at 1/10,000. The only particularity is fetal bowel hyperechogenicity. What is(are) the correct proposition(s):
","Fetal bowel hyperechogenicity refers to an abnormal appearance of the baby's intestines on an ultrasound, where they appear brighter or more echogenic than usual. This finding can be associated with various conditions, including chromosomal abnormalities, infections, or bowel obstruction. Given the context of a normal fetal growth and an unremarkable family history, the most likely explanation for the hyperechogenicity would be a transient finding without significant clinical implications. However, further evaluation and follow-up are necessary to rule out any underlying pathology."
80,"The objectives of the medico-legal management of a victim of sexual violence are: (one or more correct answers)
","The medico-legal management of a victim of sexual violence encompasses several key objectives. These include the preservation of evidence, which involves collecting and documenting any physical evidence related to the assault, such as DNA samples or injuries. Another objective is the treatment and prevention of sexually transmitted infections (STIs) and pregnancy, which may involve administering prophylactic medications. Additionally, providing psychological support and ensuring the victim's safety are crucial components of the management plan. The overall aim is to address both the immediate and long-term health needs of the victim while also supporting any potential legal proceedings."
81,"What are the possible therapeutic strategies in asthma and chronic obstructive pulmonary disease (COPD)? (one or more correct answers)
","Asthma and chronic obstructive pulmonary disease (COPD) are both chronic respiratory conditions characterized by airflow limitation. The therapeutic strategies for managing these conditions include bronchodilators, which work by relaxing the muscles around the airways to improve breathing; corticosteroids, which reduce inflammation in the airways; and long-acting beta2-agonists (LABAs), which help open up the airways. Other options include leukotriene modifiers, which block the action of substances that cause airway constriction, and theophylline, a medication that helps relax the airway muscles."
82,"Cite the potential consequence(s) of a drug interaction with a cytochrome p450 3a4 inducer.
","When a drug interacts with a cytochrome p450 3a4 inducer, it can lead to increased metabolism of the drug. This means that the drug will be broken down more quickly by the liver, potentially reducing its effectiveness. Cytochrome p450 enzymes are responsible for metabolizing many medications, and induction of these enzymes can accelerate drug clearance from the body. As a result, the therapeutic levels of the drug may not be maintained, leading to reduced efficacy or even therapeutic failure."
83,"You receive the result of a blood ionogram showing a potassium level of 6 mmol/l. What iatrogenic cause(s) can you suggest?
","The question refers to a blood ionogram, which is a test that measures the levels of various ions, including potassium, in the blood. A potassium level of 6 mmol/l is considered high, a condition known as hyperkalemia. Iatrogenic causes are those that result from medical treatment or intervention. In this case, one possible iatrogenic cause of hyperkalemia could be the administration of potassium supplements or medications that contain potassium, such as certain diuretics or ACE inhibitors. Another potential cause could be a delay in processing the blood sample, leading to in vitro hemolysis, which can falsely elevate the potassium level."
84,"Concerning drug antidotes:
","Drug antidotes are substances used to counteract the effects of a specific drug or toxin in the body. They work by either neutralizing the drug, enhancing its elimination, or directly opposing its physiological effects. Antidotes can be classified into several categories, including chemical antagonists, which bind to the drug and render it inactive; physiological antagonists, which produce an opposite effect on the same target as the drug; and mechanical antagonists, which physically block the drug's action. The choice of an appropriate antidote depends on the specific drug or toxin involved and the clinical situation."
85,"A 23-year-old woman is hospitalized in psychiatry for a state of psychomotor excitement evolving for a week, with disinhibition leading to reckless spending and risky sexual behavior. She has not slept for 72 hours but shows no signs of fatigue and is attempting to introduce herself to each of the patients in the ward. If you had to choose a monotherapy, which of these options would seem indicated?
","The patient is experiencing symptoms consistent with acute mania, which is characterized by an abnormally elevated mood, increased energy, decreased need for sleep, impulsivity, and risky behavior. This condition is often seen in bipolar disorder. The treatment of choice for acute mania typically involves the use of mood stabilizers or antipsychotic medications. Given the patient's symptoms and the need for rapid control of manic symptoms, an antipsychotic medication would be indicated as monotherapy in this case."
86,"Concerning the decision for medical termination of pregnancy (mtp) (one or more correct answers):
","The decision for medical termination of pregnancy (MTP), also known as abortion, involves careful consideration of various factors. These may include the woman's health, fetal abnormalities, genetic disorders, or other ethical and legal considerations. MTP can be performed through surgical or non-surgical methods, depending on the stage of pregnancy and individual circumstances. It is a complex and sensitive issue that requires a thorough evaluation by healthcare professionals."
87,"A 31-year-old woman describes the sudden onset, one month ago, of intense fatigue accompanied by profound sadness. She reproaches herself a lot, particularly for being unable to take care of her 2-month-old daughter, is very slowed down, and often wakes up in the middle of the night. At times, she experiences suicidal thoughts. Among the following characteristics, which one(s) may indicate bipolar mood disorder?
","The patient's symptoms of sudden onset intense fatigue, profound sadness, self-reproach, slowed movements, insomnia, and suicidal thoughts are indicative of a major depressive episode. However, to differentiate between unipolar major depression and bipolar mood disorder, it is important to consider the presence of manic or hypomanic episodes in the patient's history. Manic episodes are characterized by an abnormally elevated mood, increased energy, decreased need for sleep, racing thoughts, impulsivity, and engagement in risky behaviors. Hypomanic episodes are similar but last for a shorter duration and do not significantly impair daily functioning. Therefore, the characteristic that may indicate bipolar mood disorder in this patient is the presence of a manic or hypomanic episode at some point in her life."
88,"Among the following signs and symptoms, which one(s) is(are) more frequent in cases of depressive episodes in the elderly compared to young adults?
","Depressive episodes in the elderly often present with different clinical features compared to those in young adults. One common sign or symptom that is more frequent in elderly patients experiencing depressive episodes is cognitive impairment. This can manifest as difficulties with memory, attention, and decision-making. Additionally, somatic complaints, such as fatigue, sleep disturbances, and changes in appetite or weight, are also more commonly observed in the elderly during depressive episodes."
89,"Among the following signs, which one(s) may be a symptom(s) due to the withdrawal of an opiate substance?
","Opiate withdrawal symptoms are a set of physical and psychological signs that occur when a person who is dependent on opioids suddenly stops or significantly reduces their use. These symptoms can vary in severity and typically begin within hours to days after the last dose of the opioid. Common signs of opiate withdrawal include dysphoric mood, nausea, vomiting, muscle aches, yawning, and insomnia. Additionally, individuals may experience anxiety, irritability, sweating, chills, and dilated pupils."
90,"When facing a patient with an alcohol use disorder who is opposed to the idea of addiction treatment, what attitude(s) characterize motivational interviewing?
","Motivational interviewing is a patient-centered counseling style used to address ambivalence about behavior change, particularly in the context of substance use disorders. It involves expressing empathy, avoiding argumentation, and rolling with resistance to help patients explore and resolve their own ambivalence about change. The core attitudes of motivational interviewing include compassion, acceptance, and evocation, which are used to facilitate a patient's intrinsic motivation for change. By avoiding confrontation or coercion, motivational interviewing aims to help patients recognize the discrepancy between their current behavior and their personal values and goals."
91,"A 69-year-old patient presents for an annual visit to his new general practitioner. The clinical examination reveals a pulse of 45 beats per minute. Name the medication(s) likely to be responsible:
","The patient's low pulse rate of 45 beats per minute is indicative of bradycardia, which can be caused by certain medications. One common class of drugs known to cause bradycardia is beta-blockers, which are often prescribed for conditions such as hypertension and heart disease. Beta-blockers work by blocking the effects of adrenaline on the heart, leading to a slower heart rate. Other medications that can cause bradycardia include calcium channel blockers and some types of antiarrhythmics."
92,"Regarding Down syndrome (one or more correct answers):
","Down syndrome, also known as Trisomy 21, is a genetic disorder caused by the presence of an extra copy of chromosome 21. It is characterized by distinct physical features, intellectual disability, and an increased risk of certain medical conditions. Individuals with Down syndrome often have a flat facial profile, upward slanting eyes, a small nose, and a single deep crease across the palm. They may also experience developmental delays, such as delayed speech and motor skills, and are at a higher risk for congenital heart defects, hearing loss, and thyroid problems."
93,"Regarding the histological lesions of glomerulopathies (one or more correct answers):
","Glomerulopathies are diseases that affect the glomeruli, which are the tiny filtering units within the kidneys responsible for removing waste and excess fluid from the blood. Histological lesions in glomerulopathies refer to the abnormalities that can be observed under a microscope in the kidney tissue. These lesions can vary depending on the specific type of glomerulopathy and may include features such as inflammation, scarring, deposition of abnormal substances, or changes in the structure of the glomerular cells. Understanding these histological lesions is crucial for diagnosing and managing glomerulopathies effectively."
94,"Histological diagnosis of prostate adenocarcinoma on biopsy mapping (one or more accurate responses):
","Prostate adenocarcinoma is a type of cancer that originates in the prostate gland, which is a part of the male reproductive system. It is the most common cancer affecting men and typically occurs in older age. A histological diagnosis of prostate adenocarcinoma is made by examining a biopsy sample under a microscope to identify the presence of cancerous cells. This diagnosis is crucial for determining the appropriate treatment plan and assessing the prognosis of the disease."
95,"During a surgical procedure, a frozen section examination on a tissue sample is requested. The sample must be sent to the pathology laboratory (one or more correct answers):
","Frozen section examination is a rapid diagnostic procedure performed during surgery to provide quick and accurate analysis of a tissue sample. This technique allows for the preservation of tissue morphology by freezing the sample, which enables pathologists to make a preliminary diagnosis within a short period of time. The tissue sample is typically sent to the pathology laboratory where it is frozen, sectioned, stained, and examined under a microscope. The purpose of this intraoperative consultation is to guide the surgeon in making critical decisions regarding the extent of surgery or further management."
96,"On a liver biopsy, findings supportive of the diagnosis of acute alcoholic hepatitis (one or more correct answers):
","Acute alcoholic hepatitis is a condition characterized by inflammation and damage of the liver caused by excessive alcohol consumption. On a liver biopsy, which is a procedure where a small sample of liver tissue is examined under a microscope, certain findings can support the diagnosis of acute alcoholic hepatitis. These findings may include the presence of hepatocytes (liver cells) with balloon-like swelling, known as ballooning degeneration, and infiltration of neutrophils, a type of white blood cell, around the damaged liver cells. Additionally, the biopsy may show evidence of Mallory-Denk bodies, which are abnormal collections of protein within liver cells, and perivenular fibrosis, which is scarring around the central veins of the liver."
97,"Molecular biology analyses as part of the anatomopathological diagnosis of a tumor (one or more correct answers)
","In the context of tumor diagnosis, molecular biology analyses are utilized to identify specific genetic or molecular abnormalities within the tumor cells. These analyses can include techniques such as DNA sequencing, fluorescence in situ hybridization (FISH), or polymerase chain reaction (PCR) to detect mutations, chromosomal rearrangements, or changes in gene expression levels. The identification of these molecular alterations is crucial for accurate classification, prognosis, and treatment planning for cancer patients. By understanding the genetic makeup of the tumor, clinicians can tailor treatment strategies to target specific molecular pathways involved in tumor growth and progression."
98,"Regarding Alzheimer's disease, which statement(s) is(are) correct?
","Alzheimer's disease is a progressive neurodegenerative disorder characterized by cognitive decline and memory loss. It is the most common cause of dementia in the elderly population. The disease is associated with the accumulation of beta-amyloid plaques and neurofibrillary tangles in the brain, leading to neuronal damage and cell death."
99,"Regarding the aging of organs, which statement(s) is(are) true:
","The aging of organs refers to the physiological changes that occur in organs as a person gets older. These changes can affect the structure and function of the organs, leading to a decline in their overall performance. In general, organ aging is characterized by a gradual loss of cells, an increase in fibrous tissue, and a decrease in blood flow. Additionally, there may be alterations in the activity of various enzymes and a reduced ability to repair damaged DNA."
100,"Concerning frailty syndrome, which proposition(s) is(are) correct?
","Frailty syndrome refers to a state of increased vulnerability to adverse health outcomes, characterized by decreased physiological reserves and functional capacity. It is a common condition among older adults and is associated with a higher risk of falls, hospitalization, disability, and mortality. Frailty is often evaluated using tools such as the Fried criteria, which assesses factors like muscle strength, endurance, balance, and physical activity levels. Understanding frailty is crucial for healthcare providers as it helps in tailoring interventions and managing expectations for patients."
101,"You are taking care of an 85-year-old patient in the emergency department for a head injury under vitamin K antagonist (VKA) prescribed for atrial fibrillation. The INR is 2.9. There is a petechiae on the brain CT scan. Among the following proposals, which one(s) do you retain for your therapeutic management?
","The patient is an 85-year-old individual who has presented to the emergency department with a head injury. They are currently being treated with a vitamin K antagonist (VKA), specifically for atrial fibrillation, which is a condition characterized by irregular heart rhythm. The International Normalized Ratio (INR) of 2.9 indicates that the patient's blood is more thin than normal, which increases the risk of bleeding. The presence of petechiae on the brain CT scan suggests minor bleeding in the brain. Given these findings, the therapeutic management options need to be carefully considered to address the head injury while also taking into account the patient's anticoagulation therapy and the potential for further bleeding complications."
102,"Which criterion/criteria among the following indicate(s) severe malnutrition in the elderly?
","Severe malnutrition in the elderly can be indicated by several criteria. One important criterion is a significant weight loss, which is often defined as a loss of 5% or more of body weight in a short period of time, such as one month. Another criterion is a low body mass index (BMI), which is calculated by dividing a person's weight in kilograms by the square of their height in meters. A BMI less than 18.5 is generally considered underweight and may indicate malnutrition. Additionally, a mid-arm circumference (MAC) less than 11.5 cm is also used as an indicator of severe malnutrition in the elderly."
