id,question,answer_A,answer_B,answer_C,answer_D,answer_E
0,"Devant un exanthème roséoliforme fébrile de l'enfant, les principales étiologies sont (une ou plusieurs réponsesexactes):",Un exanthème subit,Un mégalérythème épidémique,Une rubéole,Une mononucléose infectieuse,Un syndrome de kawasaki
1,"A propos de l’insuffisance cardiaque, quelle(s) est (sont) la (les) proposition(s) vraie(s) ?",L’auscultation cardiaque peut mettre en évidence un éclat du b2 au foyer aortique en cas d’hypertension artériellepulmonaire,L’auscultation cardiaque peut mettre en évidence un souffle d’insuffisance mitrale liée à la dilatation de l’anneau mitral,La turgescence jugulaire constitue un signe périphérique d’insuffisance cardiaque gauche,"Les œdèmes périphériques sont mous, bleus et douloureux",Les râles crépitants ou sous-crépitants sont souvent bilatéraux
2,Quelle(s) est (sont) la (les) réponse(s) vraie(s) concernant la prise en charge des bronchectasies diffuses chez l’adulte (endehors d’un contexte de mucoviscidose) responsables d’épisodes infectieux à répétition ?,Drainage bronchique quotidien,Corticothérapie systémique,Lobectomie pulmonaire,Cure d’antibiothérapie trimestrielle systématique,Traitement anti-inflammatoire par fluoroquinolone
3,Une patiente de 58 ans  vient aux urgences de votre hôpital pour l’expectoration de deux verres de sang rouge lors d’uneffort de toux. elle n’avait jamais craché de sang. elle est sous aspirine à visée anti-agrégante pour une coronaropathie.son examen clinique est normal ; sa pression artérielle est à 132 /79 mmhg. la fréquence cardiaque est à 80/mn. laradiographie pulmonaire ne montre pas d’anomalie.donnez la ou les réponse(s) juste(s),Vous hospitalisez la patiente,Vous mettez en place un remplissage vasculaire,Vous prescrivez un agent vasoconstricteur par voie intraveineuse type telipressine,Vous prescrivez une tomodensitométrie thoracique injectée avec acquisition au temps artériel après vérificationd'absence de contre-indication,Vous rassurez la patiente et lui expliquez qu’il est normal de saigner sous anti-agrégants
4,"Un patient de 55 ans présentant un hyperlymphocytose à 25 g/l sans cytopénie vous est adressé avec un diagnostic deleucémie lymphoide chronique sur l'immunophénotypage lymphocytaire. a l’examen clinique, le patient est en excellent étatgénéral et il existe une polyadénopathie de 1,5 à 2 cm de diamètre dans toutes les aires ganglionnaires. quel examen estnécessaire à ce stade ? (une seule réponse)",Aucun,Un tep-scanner,Une échocardiographie,Un myélogramme,Une scintigraphie osseuse
5,"Un homme de 25 ans vous consulte en raison de douleurs abdominales. l'examen est normal en dehors d’une ratepalpable en fin d’inspiration. l’hémogramme montre : leucocytes 14 g/l, pnn 8 g/l, myélocytes 1 g/l, métamyélocytes 1g/l, monocytes 1 g/l, lymphocytes 3 g/l, plaquettes 510 g/l. vous suspectez une leucémie myéloïde chronique. quelsexamens biologiques prescrivez-vous pour confirmer votre hypothèse diagnostique ? (une ou plusieurs réponses possibles)",Immunophénotypage leucocytaire sur sang,Recherche de corps de jolly au frottis,Recherche du transcrit bcr-abl,Recherche d’ombres de gumprecht,Recherche d'une mutation de jak2
6,"Parmi les affirmations suivantes concernant les ostéopathies fragilisantes, laquelle (lesquelles) est (sont) exacte(s) ?",L’hyperparathyroïdie primitive touche préférentiellement l’os cortical,Le traitement de l’hypothyroïdie augmente le risque de fracture ostéoporotique,L’ostéoporose cortisonique touche principalement l’os cortical,La carence estrogénique est responsable d’une hyperactivité ostéoclastique,Le traitement par biphosphonate augmente l’activité des ostéoblastes
7,"Une femme de 50 ans arrive aux urgences pour malaise. elle n’a pas d’antécédent particulier mais décrit une fatiguerapidement apparue. l’examen clinique est normal en dehors d’un subictère conjonctival. l’hémogramme montrehémoglobine 90 g/l, hématies 2,7 t/l, hématocrite 27 %, vgm 102 fl, ccmh 33 g/dl, leucocytes 8 g/l, polynucléairesneutrophiles 5 g/l, lymphocytes 2,3 g/l, monocytes 0,7 g/l.quels examens biologiques vous semblent pertinents à prescrire en première intention ?(une ou plusieurs réponsespossibles)",Protéine c réactive (crp),Fer sérique,Electrophorèse des protides sériques,Réticulocytes,Ldh
8,"Parmi les agents infectieux suivants, le(s)quel(s) est(sont) responsable(s) d’endocardite à hémocultures négatives ?",Mycobacterium tuberculosis,Bartonella,Streptococcus pyogenes,Coxiella burnetii,Tropheryma whipplei
9,"Parmi les maladies infectieuses suivantes, la(es)quelle(s) est(sont) à déclaration obligatoire en france ?",Rubéole,Peste,Tuberculose,Légionellose,Pneumococcie invasive
10,"Chez un patient traité depuis 2 jours pour une embolie pulmonaire proximale par héparine non fractionnée, le tca ratio està 6 et l’activité anti-xa est mesurée au pic d’activité à 1,2 ui/ml, en absence de saignement, quelle(s) mesure(s) adoptez-vous immédiatement ? (une ou plusieurs réponses possibles)",Apport de vitamine k,Perfusion de culot concentré plaquettaire,Perfusion de protamine,Arrêt puis adaptation posologique,Introduction des avk
11,"Un homme de 62 ans sans antécédent médical présente un hématome profond spontané du muscle psoas . la nfsmontre une hémoglobine à 90 g/l et des plaquettes à 170 g/l. son bilan d’hémostase est le suivant : tca ratio à 2,1, tpà 78% et fibrinogène à 3,1g/l. le mélange du plasma du patient avec un plasma normal ne permet pas de corriger le tca(indice de rosner à 28 pour une normale < 15). le dosage des facteurs de la voie endogène révèle un facteur viii à 4%.quelle(s) hypothèse(s) diagnostique(s) retenez-vous ? (une ou plusieurs réponses possibles)",La présence d’un anticoagulant de type lupique,Une hémophilie a constitutionnelle,La présence d’un anticorps anti facteur viii,Une maladie de willebrand de type 1,Une hémophilie b acquise
12,"Une patiente est amenée inconsciente par les pompiers aux urgences dans les suites d’un accident de la voie publique.elle présente un polytraumatisme pour lequel sont réalisés en urgence un scanner cérébral et thoraco-abdomino-pelvien.elle présente une fracture de rate qui nécessite une intervention chirurgicale. a son arrivée, son mari vous apprend qu'elleest enceinte d’environ 8 semaines d’aménorrhée.  la dose d’irradiation reçue est de 10 mgy. quel(s) est(sont) le(s)risque(s) lié(s) à l’accident et à la prise en charge ?",Retard de développement,Malformation cérébrale,Avortement,Retard de croissance,Hématome rétro-placentaire
13,"Une patiente se présente à votre cabinet pour une consultation préconceptionnelle. elle est âgée de 32 ans, nulligeste. elleest suivie depuis un an pour une hypertension artérielle bien équilibrée sous perindopril, un comprimé par jour. ellebénéficie d’une contraception oestro-progestative qu’elle envisage d’arrêter à la fin de sa plaquette. elle pèse 81 kg  pourune taille d’1m68. elle consomme 5 cigarettes par jour mais aimerait arrêter.que prévoyez-vous à l’issue de la consultation ? (une ou plusieurs réponses exactes)",Sérologie de la rubéole,Aide au sevrage tabagique par substituts nicotiniques,Frottis cervico-utérin si ce dernier date de plus de un an,Prescription de folates à la dose de 5 mg/jour,Arrêt du traitement par perindopril et relai par un autre antihypertenseur
14,"Une femme de 28 ans consulte pour la palpation d’une tuméfaction dans le quadrant supéro-externe du sein droit. elle estinquiète car sa mère et sa tante maternelle ont eu un cancer du sein à 55 et 60 ans respectivement. a l’examen clinique,vous palpez une tuméfaction ronde et régulière de 15 mm, non adhérente aux plans profond et superficiel. il n’y a pasd’inflammation ni de rétraction cutanée en regard. aucune adénopathie suspecte n’est palpée dans les aires ganglionnairesaxillaire et sus-claviculaire.quel(s) examen(s) doit(doivent) être demandé(s) en première intention ?",Une échographie mammaire,Une radiographie pulmonaire,Un dosage du ca 15-3,Une irm mammaire,Une mammographie
15,"Une femme de 38 ans consulte 3 mois après son troisième accouchement pour une demande de contraception. elle a euune césarienne alors que ses deux premiers accouchements avaient eu lieu par voie vaginale. elle vient d’arrêterl’allaitement de son enfant car elle doit reprendre son activité professionnelle. dans ses antécédents, elle rapporte uneperforation utérine lors de la pose d’un dispositif intra utérin il y a 7 ans, une phlébite sous plâtre il y a 10 ans et untraitement par laser cervical il y a 4 ans pour une dysplasie cervicale liée à une infection à papillomavirus humain. elle nefume pas mais « vapote » de temps en temps. le dernier frottis cervico-utérin, réalisé en début de grossesse, était normal.quel(s) moyen(s) contraceptif(s) est(sont) envisageable(s) pour cette femme ?",Dispositif intra-utérin au lévonorgestrel,Dispositif intra-utérin au cuivre,Dispositif transdermique libérant du norelgestromine et de l’éthinylestradiol,Stérilisation tubaire par coelioscopie,Dispositif sous-cutané libérant de l’étonogestrel
16,Devant une suspicion de corps étranger intra-oculaire métallique quel(s) examen(s) proposez-vous en urgence ?,Un scanner orbitaire,Une irm,Une radiographie de l’orbite,Une angiographie à la fluorescéine,Une mesure de la pression intra oculaire
17,Quelle(s) est(sont) la(les) proposition(s) exacte(s) concernant l’interruption volontaire de grossesse (ivg) en france ?,Une femme sous tutelle peut demander une ivg,Une femme peut demander un anonymat complet pour la réalisation d’une ivg,La pose d’un stérilet est contre-indiquée dans les suites immédiates d’une ivg chirurgicale,Les prostaglandines ne peuvent pas être utilisées en cas de porphyrie héréditaire,Un entretien psychosocial doit systématiquement être effectué avant la réalisation de l’ivg
18,Un chalazion :,Est une infection d’un follicule pilo-sébacé des paupières,Est un granulome de résorption d’une glande de meibomius des paupières,Se traite par des corticostéroïdes en pommade,Se traite par des antibiotiques par voie générale,Peut nécessiter une incision chirurgicale
19,Quelles sont les étiologies possibles d’une baisse d’acuité visuelle associée à une rougeur oculaire (plusieurs réponsesexactes) ?,Crise de glaucome aigu par fermeture de l’angle,Uvéite antérieure,Occlusion de l’artère centrale de la rétine,Glaucome néovasculaire,Vascularite rétinienne
20,En cas de myopie (une ou plusieurs réponses exactes) :,Le système optique formé par l’œil est trop convergent,La vision de loin est meilleure que la vision de près sans correction,Les rayons lumineux focalisent en avant de la rétine,Un verre divergent peut être utilisé pour la correction,Le risque de décollement de rétine peut être augmenté
21,"Vous prenez en charge une patiente de 83 ans, bien entourée, à j2 d’une arthroplastie de genou. les drains de redon ontété retirés sans problème. elle présente un genou augmenté de volume, très œdématié et inflammatoire. la cicatrice estbelle, non inflammatoire. quelle(s) est (sont) la(les) proposition(s) exacte(s) ?",Une prise en charge en ambulatoire est possible,Les techniques d’électrothérapie pratiquées par le kinésithérapeute auront pour objectif de diminuer l’œdème,La prescription de canne anglaise pourrait être faite par le kinésithérapeute libéral après la sortie de l’hôpital,Votre prescription de kinésithérapie devra obligatoirement mentionner les techniques de kinésithérapie à employer,L’adaptation du domicile devra se faire après rédaction d’un dossier auprès de la mdph (maison départementale despersonnes handicapées)
22,"Vous prenez en charge un patient de 32 ans, informaticien, dont le tabagisme est évalué à 15 paquets/année, sansantécédent médical ou chirurgical, victime d’un accident de la route responsable d’une lésion médullaire sévère par fracturecervicale c5 ostéosynthésée par voie antérieure le 30 avril 2018. le sevrage de la ventilation mécanique ayant été difficile,il a été trachéotomisé le 21 mai 2018 après intubation orotrachéale. le sevrage a ensuite été réalisé le 29 mai. a sonarrivée, il est eupnéique. il présente une escarre du trochanter droit, stade 4 avec une perte de substance jusqu’à l’os. lefond de l’escarre est fibrineux et les sécrétions purulentes sont très abondantes sans signe cutané inflammatoire. quelle(s)est (sont) la(les) proposition(s) exacte(s) ?",La sténose trachéale est une complication de l’intubation orotrachéale prolongée,Vous privilégiez pour le traitement de cette escarre une association antiseptiques locaux et pansements secs.,La présence de cette escarre contre indique la mise au fauteuil,La lésion étant de niveau médullaire c6 vous vous attendez à une anesthésie à partir du bord latéral de l’avant-bras enposition anatomique,La demande d’affection longue durée peut être réalisée par le médecin traitant
23,Vous prescrivez une orthèse articulée de genou de série à un de vos patients atteint d’une entorse de genou. cochezle(les) principe(s) de prescription(s) juste(s) pour ce type de dispositif médical :,Il est prescrit sur une ordonnance simple,Il est prescrit sur un formulaire grand appareillage,Il est remboursé à 100% de son prix d’achat,Il peut être prescrit par tous les spécialistes,Il peut être prescrit par un kinésithérapeute
24,"Concernant le syndrome du canal carpien, quelle(s) est( sont) la( les) proposition(s) vraie(s) ?",Il est le plus souvent idiopathique,Il est plus fréquent au cours de la grossesse,L’électromyogramme est indispensable au diagnostic,Il pourra entrainer un déficit du long fléchisseur du pouce,Il pourra entrainer une abolition du réflexe stylo-radial
25,"Concernant l’arthrose du genou, quelle(s) est(sont) la(les) réponse(s) vraie(s) ?",La ponction articulaire est indispensable au diagnostic,Un genu varum prédispose à la gonarthrose fémoro-tibiale médiale,Les infiltrations par viscosupplémentation sont indiquées dans les poussées avec épanchement,L’indication chirurgicale dépend de l’importance du pincement articulaire,L’efficacité des infiltrations de corticoïdes est limitée dans le temps
26,"Un ancien garagiste de 78 ans vient consulter pour des lombalgies inflammatoires fébriles importantes apparues depuis 10jours. vous suspectez une spondylodiscite et vous décidez de lui prescrire une irm lombaire. ce patient est porteur d’uneprothèse totale de hanche mise en place il y a 8 ans et d’une prothèse valvulaire depuis 2 ans. il a bénéficié de la posed’un stent coronaire il y a 3 mois. il présente un débit de filtration glomérulaire à 48 ml/ mn. lors de l’interrogatoire, il voussignale qu’il a reçu des éclats métalliques dans l’œil droit et dans la joue droite il y a 40 ans. quelle (s) proposition(s)contre-indique(nt) l’irm injectée ?",Les éclats métalliques dans l’œil,La prothèse de hanche,La prothèse valvulaire,Le stent coronaire,La fonction rénale
27,"En cas de paralysie du nerf oculo-moteur (iii), vous pouvez rencontrer à l’examen ?",Un défaut d’élévation de l’œil,Un myosis,Un défaut d’adduction de l’œil,Une exophtalmie,Un ptosis
28,"Un patient de 62 ans a comme antécédents une hypertension artérielle essentielle traitée en monothérapie depuis 2 ans etun tabagisme actif (45 paquets-année). depuis environ deux semaines, il se plaint de céphalées quotidiennes quis’installent volontiers en deuxième partie de nuit. au début, elles s’estompaient progressivement en cours de matinée.depuis environ 3 jours, elles sont constantes. ces céphalées sont décrites comme diffuses en casque, sont fluctuantes enintensité, sont accentuées par l’activité physique. il se plaint également d’une inappétence et de nausées elles aussid’évolution progressive. le patient est apyrétique.quel syndrome évoquez-vous devant ce tableau ?",État de mal migraineux,Céphalées chroniques quotidiennes,Syndrome méningé d’origine infectieuse,Hypertension intracrânienne,Syndrome méningé en lien avec une hémorragie sous-arachnoïdienne
29,"Un patient de 59 ans a vu apparaître un tremblement des trois derniers doigts de la main droite que son entourage aégalement remarqué à la marche. il balance moins le membre supérieur droit à la marche. a l’examen, vous constatez quele tremblement disparaît les bras tendus. vous percevez que la mobilisation passive du coude droit est plus difficile et quela mobilisation de l’épaule droite est douloureuse. les réflexes ostéo-tendineux sont normaux.ce type de tremblement est probablement aggravé par :",L’émotion,Le calcul mental,L’écriture,Le mouvement,Le sommeil
30,"Parmi les propositions suivantes, quelle(s) est (sont) celle(s) qui s’applique(nt) à une vessie neurologique centrale ?",Le,Hypoactivité détrusorienne,Incontinence,Risque de reflux urétéro-vésical,Basses pressions intravésicales
31,"Parmi les aliments suivants, le(s)quel(s) contiennent plus de 5% de glucides ?",Lentilles,Haricots verts,Viande,Fromage,Fruits
32,"Parmi les signes biologiques suivants, lequel(lesquels) vous oriente(nt) vers une insuffisance surrénale iatrogène chez unpatient de 38 ans aux antécédents de maladie de crohn traitée pendant 5 ans par 10 mg/ jour de prednisone ?",Natrémie à 128 mmol/l,"Kaliémie à 5,8 mmol/l",Glycémie à jeun à 3 mmol/l,Acth plasmatique à 8 heures à 585 pg/ml (n : 10 – 20),Cortisol libre urinaire à 25 µg/24 heures (n: < 90)
33,"Vous voyez en consultation un nouveau-né de 15 jours qui présente une fièvre isolée à 38,2°c et un état général conservé",Vous rassurez les parents quant à la nature bénigne de cette fièvre en période d’épidémies virales,Le test de grippe n’est pas informatif à cet âge,La bandelette urinaire n’est pas informative à cet âge,La réalisation d’un examen cyto bactériologique des urines est systématique,La réalisation d’une ponction lombaire est systématique
34,"Devant une lésion de la langue, quel(s) est(sont) le(s) signe(s) clinique(s) qui orientera (orienteront) vers une originemaligne ?",Lésion indurée,Lésion douloureuse,Saignement au contact lors de la palpation de la lésion,Induration sous muqueuse,Présence d’une leucoplasie associée
35,Vous intervenez au domicile d’un nourrisson trouvé décédé par ses parents il y a quelques minutes :,Vous demandez à être accompagné par la police,Vous ne devez pas signer le certificat de décès avant l’admission à l’hôpital,Vous rédigez un signalement au procureur de la république,Vous proposez aux parents de réaliser une autopsie à la recherche des causes du décès,Le transfert du corps doit se faire vers un institut médico-légal
36,Vous expliquez à de jeunes parents dont l’enfant présente un premier épisode fébrile la ou lesmesure(s) à prendre pendant cet épisode.,Le traitement médicamenteux s'impose pour toute température supérieure à 39°c,La prise de boisson est nécessaire toutes les heures tant que la fièvre persiste,Il faut utiliser des enveloppements frais si l'enfant est inconfortable,L'utilisation d’ibuprofene n'est possible qu'après 3 mois,Il faut garder l’enfant hors des collectivités pendant la durée de la fièvre
37,"Concernant les tuméfactions cervicales, quel(s) est(sont) le(s) item(s) exact(s) ?",Un kyste du tractus thyréoglosse est mobile à la déglutition,Une adénopathie sus-claviculaire droite peut être révélatrice d’un cancer génito-urinaire,Une tuméfaction superficielle rénitente localisée au bord antérieur du muscle sternocléidomastoïdien est évocatrice d’unkyste amygdaloïde,Un schwannome du plexus brachial est un diagnostic différentiel d’une adénopathie sous-mandibulaire,Un schwannome du nerf accessoire est un diagnostic différentiel d’une adénopathie spinale
38,"Concernant le phlegmon péri-amygdalien, quel(s) est(sont) le(s) item(s) exact(s) ?",L’abcès est localisé au niveau de l’espace latéro-pharyngé,Il peut exister un trismus,Le pilier antérieur du voile du palais est élargi,"Chez l’adulte, l’hospitalisation est systématique",Le drainage de l’abcès se fait soit par ponction soit par incision sous anesthésie générale
39,"Concernant le vertige positionnel paroxystique bénin, quel(s) est(sont) le(s) item(s) exact(s) ?",Il est d’une durée inférieure à une minute,Il est consécutif à une ischémie vestibulaire,Il se traite par de la kinésithérapie vestibulaire,Il est associé à des acouphènes,Il existe un facteur positionnel déclenchant
40,"Un patient de 32 ans consulte aux urgences pour asthénie. il n’ y a pas d’autre anomalie à l’examen clinique. on constateaux examens biologiques une augmentation des transaminases avec asat=1362 ui (n<40), alat=2348 ui (n<40). quelle(s) est (sont) la (les) cause(s) possible(s) à cette augmentation des transaminases?",Hépatite virale aigue,Hépatite alcoolique aigue,Hépatite médicamenteuse,Hépatite auto-immune,Hépatite liée à la prise de cannabis
41,"Un patient de 62 ans présente une hyponatrémie d’apparition progressive. il parait euvolémique cliniquement.son bilan biologique sanguin est le suivant : na 125 mmol/l, k 4 mmol/l, chlore 110 mmol/l, hco3- 25 mmol/l, glycémie 5mmol/l, protides 67 g/l, urée 4 mmol/l, créatininémie 78 µmol/l.bilan urinaire : na 100 mmol/l, k 25 mmol/l, urée 350 mmol/l, créatinine 8 mmol/l.quelle(s) est (sont) la (les) cause(s) possible(s) de ce tableau biologique ? (une ou plusieurs bonnes réponses) ?",Tea and toast syndrome,Prise de furosémide,Syndrome de sécrétion inappropriée d’adh,Prise d'amlodipine,Prise de lithium
42,"Un patient de 86 ans est hospitalisé pour hématémèse. il est connu pour avoir une hépatite virale b, non suivie. sa familledécrit un vomissement sanglant équivalent en volume à celui d'une bassine.a l’examen, il présente une ascite et un asterixis. la pression artérielle systolique est à 55 mmhg. parmi les éléments suivants, le(s)quel(s) est (sont) associé(s) à un mauvais pronostic ?",Age,Volume de l’hématémèse,Pression artérielle,Présence d’une encéphalopathie hépatique,Présence d’une ascite
43,"Un patient de 62 ans présente le bilan biologique suivant : na 142 mmol/l, k 5,7 mmol/l, chlore 110 mmol/l, hco3- 18mmol/l, protides 88 g/l, urée 20 mmol/l, créatininémie 170 µmol/l. quel(s) médicament(s) peut (peuvent) donner ce tableaubiologique ? (une ou plusieurs bonnes réponses)",Ibuprofène,Candesartan,Amiloride,Amlodipine,Prednisone
44,"Vous prenez en charge aux urgences une patiente de 67 ans dont le motif d'entrée est une douleur du mollet droit.l'interrogatoire et l'examen clinique retrouvent un cancer évolutif en cours de traitement et une sensibilité localisée le longdu réseau veineux profond à droite. le reste de l'examen est sans particularité.vous utilisez un modèle de prédiction clinique simplifié de thrombose veineuse profonde  (tvp) qui indique une probabilitéde tvp de 17%.vous demandez un échodoppler veineux des membres inférieurs pour confirmer cette suscpicion de tvp.parmi les propositions suivantes, laquelle (lesquelles) est (sont) exacte(s) ?",La probabilité post-test de tvp dépend de la sensibilité de l'échodoppler veineux.,La probabilité pré-test de tvp dépend de la spécificité de l'échodoppler veineux.,La probabilité post-test de tvp dépend du rapport de vraisemblance de l'échodoppler veineux.,La probabilité post-test de tvp dépend des performances intrinséques de l'échodoppler veineux.,La probabilité post-test de tvp peut être déterminée graphiquement en utilisant le nomogramme de fagan.
45,Un patient de 43 ans consulte pour une hyperferritinémie modérée à 2 fois la normale découverte surun bilan systématique réalisé par la médecine du travail. il est asymptomatique. quel(s) élément(s) orientera(ont) vers une hépatosidérose métabolique ?,Coefficient de saturation de la transferrine élevé,Surpoids,Hypertriglycéridémie,Maladie de basedow,Antécédent de cancer colique
46,Devant une diverticulite sigmoïdienne un examen tomodensitométrique abdomino-pelvien injecté estréalisé. il peut montrer (une ou plusieures réponses exactes) :,Des images d’addition contenant de l’air au bord anti-mésentérique du côlon,Un amincissement de la paroi colique,Une infiltration de la graisse autour d’un diverticule,Un épaississement de la paroi colique,Une pyléphlébite
47,Dans quelle(s) situation(s) un patient bénéficie-t-il d’une exonération du ticket modérateur (sur la base des tarifs sécuritésociale) ?,Les soins aux enfants mineurs quels qu’ils soient,"Les soins, quels qu’ils soient, aux sujets bénéficiaires de l’aide médicale d’etat (ame)","Les soins, quels qu’ils soient, aux femmes enceintes à partir du 4ème mois de grossesse",La réalisation d’une mammographie chez une femme de 54 ans dans le cadre du programme national de dépistage ducancer du sein,"Les examens supplémentaires, hors prise en charge habituelle, réalisés dans le cadre de la participation à un essairandomisé"
48,"Un patient de 48 ans présente depuis quelques semaines des céphalées qui conduisent à diagnostiquer une hypertensionartérielle. la moyenne de ses pressions artérielles en ambulatoire est à 177/92 mmhg. son bilan biologique est le suivant :na 142 mmol/l, k 3,4 mmol/l, créatininémie 70 µmol/l, calcémie 2,5 mmol/l. diurèse des 24h : 1400 ml. ionogrammeurinaire: na=180 mmol/l, k=50 mmol/l, protéinurie <0,01g/l. au vu de ce bilan, quel(s) est (sont) le(s) cause(s) que vousdevez évoquer pour cette hypertension artérielle ?",Sténose artérielle rénale,Syndrome de gitelman,Hyperaldostéronisme primaire,Consommation chronique de réglisse,Phéochromocytome
49,"Quel marqueur tumoral a un intérêt à la fois dans le dépistage, le diagnostic, le pronostic et le suivi du cancer dont il estspécifique ? (1 réponse)",Ace,Psa,Alpha fp,Hcg,Ca125
50,"Dans le cadre de la  loi du 2 février 2016 dite loi « claeys-leonetti » lorsque un patient ne peut plus s’exprimer, untraitement qui apparait inutile, disproportionné ou lorsqu’il n’a d’autre effet que le seul maintien artificiel de la vie, peut êtresuspendu à l’issue d’une procédure collégiale définie par voie réglementaire. quel(s) est (sont) la (les) élément(s) prévu(s)dans cette procédure ?",Une consultation des directives anticipées si elles existent,L’avis d’au moins un médecin consultant,Une discussion avec  les membres de l’équipe de soins présents,Une information du directeur de garde si cette procédure a lieu le week end,La décision doit être inscrite dans le dossier médical
51,Sur quel(s) moyen(s) l’évaluation de la dimension qualitative de la douleur s’appuie-t-elle ?,Questionnaire dn4,Questionnaire doloplus,Echelle algoplus,Echelle visuelle analogique,Echelle numérique
52,Par quel(s) moyen(s) thérapeutique(s) une douleur neuropathique peut elle être prise en charge enpremière intention ?,Un antidépresseur tricyclique,Un antiépileptique de la classe des gabapentinoides,La morphine,La stimulation électrique transcutanée,La stimulation médullaire
53,Un patient de 55 ans est pris en charge dans une unité de soins palliatifs pour une évolution terminale  d’une insuffisancerespiratoire compliquant un emphysème majeur. sa principale plainte est une majoration de  sa dyspnée. comment prendreen charge cette dyspnée ? (une ou plusieurs réponse(s) correcte(s)),Évaluation du symptôme par une échelle visuelle analogique,Adaptation du débit de l’oxygénothérapie pour que la saturation artérielle  en oxygène soit supérieure à 95 %,Introduction ou majoration d’un traitement opioïde,Installation confortable du patient,Sédation profonde et continue d’emblée jusqu’au décès
54,Une chirurgie de l'obésité à type de gastrectomie longitudinale peut être proposée (une ou plusieures réponses exactes) :,Chez les adolescents à partir de 15 ans si l'imc est supérieur à 40 kg/m2,"Chez un sujet de 55 ans, appareillé pour apnée du sommeil, ayant un imc ≥ 35 kg/m2",En cas de troubles graves du comportement alimentaire,Si le sujet a compris et accepté le suivi médical et chirurgical post-opératoire à vie,Si le patient a reçu une information claire et complète sur les risques opératoires
55,"Un patient de 52 ans sans antécédent particulier présente une hypertension artérielle, une protéinurie de 2 g/24h, unehématurie à 105 hématies/ml avec une créatininémie à 130 µmol/l. son échographie vésico-rénale est normale. voici lecompte-rendu de sa biopsie rénale : fragment cortical comprenant 15 glomérules dont 4 glomérules scléreux. lesglomérules perméables présentent une prolifération mésangiale et endocapillaire. lésions d’artériolosclérose modérée.lésions d’atrophie tubulaire et de fibrose interstitielle sur environ 20% du parenchyme. l’immunofluorescence retrouve desdépôts d’iga à +++ dans le mésangium et de c3 à 1+ dans les vaisseaux et les glomérules. quel(s) est (sont) le(s)diagnostic(s) possible(s) ?",Néphropathie tubulo-interstitielle,Néphropathie lupique classe iv,Glomérulonéphrite pauci-immune,Néphropathie à iga,Néphroangiosclérose
56,Quels sont les éléments qui vous orientent vers l'origine professionnelle d'un eczéma de contact allergique chez un ouvrieren plasturgie travaillant dans la fabrication de bateaux de plaisance (une ou plusieurs réponses possibles) ?,La symptomatologie qui s'améliore pendant les vacances,Une localisation des lésions sur le dos des mains et des poignets,La présence de plusieurs cas simultanés dans le même atelier,Un antécédent d'atopie dans l'enfance,La présence de lésions sur les paupières
57,"Jeune médecin généraliste, vous recevez pour la première fois un patient de 52 ans qui se plaint d’insomnies, deruminations anxieuses, d’une perte d’élan vital et d’un désinvestissement familial et professionnel. il indique que sessymptômes sont apparus il y a 6 mois, à la suite de l’arrivée d’un nouveau chef d’équipe qui lui fait sans cesse desremarques sur sa lenteur au travail et son manque de capacités intellectuelles. il signale même des injures proféréescontre lui à plusieurs reprises, lorsqu’il était seul avec son chef.ce patient n’a pas d’antécédent médical notable, en dehors d’une dépression réactionnelle à un divorce, il y a 10 ans.le patient vous demande de faire une déclaration de maladie professionnelle.que devez-vous indiquer sur le certificat médical initial ?",L'existence d’un syndrome dépressif,La date à laquelle vous avez constaté la pathologie pour la première fois,L'antécédent de syndrome dépressif,L’existence d’un harcèlement de la part d’un collègue,Le nom du chef de service
58,"Un patient de 12 ans est admis aux urgences pédiatriques pour un syndrome méningé. il est installé dans une salled'examen par une aide-soignante et l’infirmière vient prendre sa température et sa pression artérielle. l’interne vientensuite examiner l’enfant et suspecte une infection invasive à méningocoque, qui sera confirmée par l’analyse du lcr(méningocoque c).l’infirmière, âgée de 30 ans, vient voir l’interne en lui disant être inquiète car elle est enceinte et elle lui pose laquestion de ce qu’elle doit faire car elle a pris en charge l’enfant sans masque, et n’est pas vaccinée contre leméningocoque.quelle(s) mesure(s) doit (doivent) lui être proposée(s) ?",Une vaccination par le vaccin conjugué contre le méningocoque c,Une prophylaxie par rifampicine per os pendant 5 jours,Une prophylaxie par rifampicine per os pendant 2 jours,La rassurer et lui indiquer qu’il n’y a pas de risque de contamination,Une prophylaxie par une injection de ceftriaxone
59,Quelles mesures d’hygiène convient-il de prendre à l’entrée dans la chambre pour la prise en charge d’un patient atteintd’une tuberculose pulmonaire ?,Port d’une casaque à manche longue,Port d'un masque de protection respiratoire (type ffp2),Port d'une charlotte,Port de surchaussures,Friction des mains avec une solution hydroalcoolique
60,Quelles sont les vaccinations obligatoires pour une infirmière travaillant à l’hôpital dans un service de soins (une ouplusieurs réponses possibles) ?,Vaccination contre le pneumocoque,"Vaccination contre la diphtérie, le tétanos et la poliomyélite",Vaccination contre l’hépatite a,Vaccination contre la coqueluche,Vaccination contre l’hépatite b
61,"Concernant la péritonite aiguë, quelle(s) proposition(s) retenez-vous ?",Le scanner abdominal est l'examen morphologique de référence pour le diagnostic,Le traitement chirurgical doit comporter un lavage de la cavité péritonéale,"Les 3 causes les plus fréquentes sont l'appendicite, l'ulcère gastro-duodénal, le diverticule colique",Le risque évolutif de la péritonite est le choc septique,La péritonite est toujours liée à une perforation digestive
62,"Concernant l’occlusion intestinale aiguë, quelle(s) est (sont) la (les) information(s) exacte(s) ?",Une occlusion fonctionnelle peut avoir pour cause un trouble hydroélectrolytique,Une bride péritonéale peut entrainer une occlusion par strangulation,L’occlusion par strangulation menace la vitalité de l’intestin en quelques heures,Le scanner abdominal avec injection de produit de contraste est l’examen de référence,Le cancer du côlon est la première cause d’occlusion colique par obstruction
63,En ce qui concerne le syndrome occlusif : (une ou plusieurs réponses exactes),L'arrêt des matières est un signe physique absent dans 30% des cas,La douleur abdominale est toujours le symptome initial,Le siège de la douleur abdominale signe le siège de l'obstacle,Les vomissements répétés et fréquents soulagent temporairement les douleurs abdominales dans les occlusions del'intestin grêle,L'arrêt des gaz est le signe fonctionnel primordial au diagnostic
64,"M. m, âgé de 58 ans, vous est adressé pour des anomalies du bilan martial. dans ses antécédents, on note uniquement undiabète diagnostiqué il y a 3 mois.a l’examen clinique, la température est à 37,3 °c. vous notez une hépatomégalie évaluée à 5 cm sous l’auvent costaldroit.son bilan martial vous est présenté ci-dessous :coefficient de saturation de la transferrine (cst) à 62%, ferritine à 1200 ng/ml (normale 30 à 300 mg/ml).parmi les propositions suivantes, laquelle (ou lesquelles) des causes suivantes pourrai(en)t expliquer les anomalies dubilan martial présentées dans ce contexte clinique ?",Syndrome inflammatoire,Hépatosidérose dysmétabolique,Hémochromatose génétique,Myélodysplasie,Syndrome d’activation macrophagique
65,Lors de l'admission d'un polytraumatisé en état de choc hémorragique sévère (une ou plusieures réponses exactes):,Un bodyscan est indispensable et doit être réalisé en urgence,Une fast écho réalisée au lit du patient suffit à affirmer l'hémopéritoine,Une laparotomie en urgence est indiquée pour affirmer l'origine abdominale du choc hémorragique,"En cas d'hémopéritoine massif la technique de ""damage control"" est la technique de référence","La technique de ""damage control"" a pour but de contrôler le saignement et de traiter dans le même temps les lésionsdigestives"
66,"M. m., âgé de 22 ans, consulte en urgence en raison d’une asthénie associée à une fièvre à 39°c évoluant depuis 72heures. il se plaint d’une odynophagie et de myalgies diffuses.a l’examen clinique, vous trouvez des adénopathies cervicales et une splénomégalie à un travers de doigt.un bilan sanguin a été réalisé en ville et montre les résultats suivants :hémoglobine 13,2 g/dl, vgm 89 fl, plaquettes 120 g/l, leucocytes 10,6 g/l, polynucléaires neutrophiles 1,6 g/l,basophiles 0,1 g/l, éosinophiles 0,4 g/l, lymphocytes 8 g/l, monocytes 0,5 g/l.frottis sanguin : présence de nombreux lymphocytes de grande taille avec cytoplasme hyper-basophile.parmi les examens complémentaires suivants, lequel (ou lesquels) vous paraissent à réaliser en 1ère intention dans cecontexte clinique ?",Myélogramme,Immunophénotypage lymphocytaire,Antigénémie p24,Mni test,Sérologie du cytomégalovirus (cmv)
67,"Un patient présente une claudication pour une distance évaluée à 400 mètres et qui se traduit par une douleur au niveau dumollet droit.a l’examen clinique vous notez :  l’absence d’œdème des membres inférieurs  la présence de tous les pouls périphériques au niveau du membre inférieur gauche le pouls poplité est cependant ample ettrès facile à palper  alors qu’à droite seul le pouls fémoral est perçu  il n’y a ni trouble sensitif, ni trouble moteur au niveau des membres inférieurs.  vous retrouvez enfin un souffle iliaque gauchequelle(s) lésion(s) artérielle(s) devez-vous suspecter ?",Oblitération iliaque gauche,Sténose iliaque gauche,Anévrisme poplité gauche,Oblitération iliaque droite,Oblitération fémorale droite
68,"A propos du souffle dans l’insuffisance mitrale, quelle(s) est (sont) la(les) proposition(s) exacte(s) ?",Il est mésosystolique éjectionnel,Il est le plus souvent en jet de vapeur,Il peut être associé à un roulement mésodiastolique,Il est le plus souvent de siège apexo-axillaire,Il irradie aux carotides
69,"Dans un essai clinique, l'attribution aléatoire (randomisation) du traitement évalué est destinée à :",Constituer des groupes comparables à l'aune des facteurs de confusion potentiels,Conclure à une différence avec un seuil de signification statistique de 5%,Atténuer les fluctuations d'échantillonnage,Maintenir les sujets dans l'ignorance du traitement alloué pendant toute la durée d'étude,Réduire le nombre de sujets nécessaire
70,Les mesures d'association qu'il est possible d'estimer dans une étude épidémiologique étiologique transversale incluent :,Le taux d'incidence,L'odds ratio,Le taux de mortalité,La prévalence,La fraction étiologique
71,"Dans la liste des infections bactériennes suivantes, quelle(s) est(sont) celle(s) qui n’est(ne sont) habituellement pasassociée(s) à une hyperleucocytose ?",Abcès hépatique à bacille à gram négatif,Pyélonéphrite aiguë,Fièvre typhoïde,Infection pulmonaire à pneumocoque,Tuberculose
72,"Parmi les parasitoses suivantes, quelle(s) est(sont) celle(s) qui se transmet(tent) par contact cutané (marche pieds nus,baignade) avec l’eau ou le sol humide ?",Amoebose,Téniose,Hydatidose (échinococcose),Strongyloidose (anguillulose),Schistosomoses (bilharzioses)
73,le certificat médical descriptif de lésions secondaires à des violences : (une ou plusieurs réponses exactes),Doit mentionner le retentissement psychologique des violences sur la victime,Peut être remis directement à un officier de police judiciaire si l’incapacité totale de travail est supérieure à huit jours,Peut être remis directement à un tiers sous réserve qu’il apporte la preuve de son lien avec la victime,Est remis au titulaire de l’autorité parentale si la victime est mineure,Permet de constater sur le plan médical la crédibilité des propos de la victime
74,"En absence de différence statistiquement significative du critère de jugement principal entre les deux groupes d'un essaicontrôlé randomisé prospectif contre placebo, il faut évoquer :",Le risque d'erreur statistique de deuxième espèce (bêta),L'absence d'effet du traitement,Un défaut de puissance statistique,La non-infériorité du traitement évalué,Le risque d'erreur statistique de première espèce (alpha)
75,"L’association à l’autopsie d’un hématome sous-dural récent, bilatéral et multi-focal et d’hémorragies rétiniennes bilatéraleschez un bébé de 6 mois sans antécédent particulier évoque le diagnostic de : (une ou plusieurs réponses exactes)",Mort subite du nourrisson,Syndrome du bébé secoué,Syndrome de silverman,Rupture de malformation artério-veineuse cérébrale,Traumatisme crânien accidentel
76,"Le volet administratif du certificat de décès, par voie électronique ou papier, est transmis : (une ou plusieurs réponsesexactes)",A la mairie du lieu de décès,A l’institut national de la santé et de la recherche médicale (inserm),Au gestionnaire de la chambre funéraire mandaté par la famille,Au procureur de la république,A la famille du défunt
77,Le syndrome du qt long congénital est un trouble du rythme héréditaire de transmission autosomique dominante quiprédispose à la mort subite dès l'enfance et qui peut faire l'objet d'une prise en charge préventive. cette pathologie est trèshétérogène sur le plan génétique. quelle(s) est (sont) la (les) proposition(s) exacte(s) :,Les gènes impliqués codent pour des canaux ioniques,Le syndrome du qt long est le plus souvent associé à une malformation cardiaque congénitale,L'évaluation génétique de cette pathologie se fait par l'étude du caryotype,Le diagnostic chez un cas index doit mener à une information à la parentèle,Le diagnostic prédictif moléculaire n'est pas autorisée chez l'enfant mineur dans cette situation
78,La rédaction d'un certificat médical descriptif nécessite l'évaluation de l'itt au sens pénal du terme. quelle est lasignification de cet acronyme ?,L’incapacité totale de travail,L’incapacité totale temporaire,L’incapacité temporaire totale,L’incapacité de travailler totalement,L’incapacité temporaire totale
79,Vous recevez en consultation une femme enceinte pour l'échographie morphologique de 22 semaines d’aménorrhée. soncouple est sans histoire familiale. la croissance fœtale est normale. elle a bénéficié d'un dépistage combiné du premiertrimestre avec un risque de trisomie 21 calculé à 1/10 000. la seule particularité est une hyperéchogénicité intestinalefœtale. quelle(s) est(sont) le(s) proposition(s) exacte(s) :,Il s'agit d'un signe d'appel de la mucoviscidose,Il s'agit d'un signe d'appel d'une infection virale,Ce signe est fréquemment rencontré chez les fœtus hétérozygotes pour une mutation sévère du gène cftr,On propose en priorité une recherche d'hétérozygotie chez les 2 parents,On propose en priorité une amniocentèse pour recherche de mutations du gène cftr chez le fœtus
80,Les objectifs de la prise en charge médico-légale d’une victime de violences sexuelles sont : (une ou plusieurs réponsesexactes),Décrire les lésions traumatiques corporelles,Déterminer si la personne était consentante au moment des faits,Déterminer si les déclarations de la victime sont crédibles,Mettre en place une prise en charge multidisciplinaire,Faire des prélèvements pour réalisation d’empreintes génétiques
81,Quelles sont les stratégies thérapeutiques possibles dans l’asthme et la bronchopneumopathie chronique obstructive(bpco) ? (une ou plusieurs réponses exactes),Corticothérapie inhalée au long cours en monothérapie dans la bpco,Corticothérapie inhalée continue en monothérapie dans l’asthme,Bêta-2 agoniste de longue durée d’action au long cours en monothérapie dans l’asthme,Association de corticoïde inhalé et bêta-2 agoniste de longue durée d’action inhalé en traitement de fond dans l’asthme,Bêta-2 agoniste de longue durée d’action en monothérapie dans la bpco
82,Citez la(les) conséquence(s) potentielle(s) d’une association médicamenteuse avec un médicament inducteur ducytochrome p450 3a4.,Rejet de greffe sous ciclosporine,Grossesse sous oestroprogestatifs,Ergotisme en présence d'ergotamine,Rhabdomyolyse en présence de certaines statines,Échec d’un traitement antirétroviral
83,Vous recevez le résultat d’un ionogramme sanguin montrant une kaliémie à 6 mmol/l. quelle(s) cause(s) iatrogène(s)pouvez-vous évoquer ?,Corticothérapie orale au long cours,Antagoniste de l'angiotensine ii,Inhibiteur des récepteurs aux minéralocorticoïdes,Inhibiteur de l'enzyme de conversion,Diurétique de l’anse
84,À propos des antidotes des médicaments :,Le sulfate de protamine neutralise l'activité anticoagulante de l'héparine,La naloxone est un antagoniste spécifique des morphinomimétiques,Les facteurs prothrombiniques sont l'antidote pour le clopidogrel,La n-acétyl-cystéine est l'antidote de l'acide acétylsalicylique,Le flumazénil est un antagoniste des benzodiazépines et des molécules apparentées
85,"Une jeune femme de 23 ans est hospitalisée en psychiatrie pour un état d’excitation psychomotrice évoluant depuis unesemaine, avec désinhibition ayant entrainé des dépenses inconsidérées et des conduites sexuelles à risque. elle n’a pasdormi depuis 72h mais ne manifeste aucune fatigue et entreprend de se présenter à chacun des patients du service. sivous deviez opter pour une monothérapie, laquelle ou lesquelles de ces options vous semblerai(en)t indiquée(s) ?",Lithium,Acide valproïque,Risperidone,Carbamazépine,Quétiapine
86,A propos de la décision d'interruption médicale de grossesse (img) (une ou plusieurs réponses exactes) :,Toute demande d'img doit faire l'objet d'un avis du centre pluridisciplinaire de diagnostic pré-natal (cpdpn),Il existe une liste de pathologies pour lesquelles il y a une indication médicale d'img,"La recevabilité de la demande se fonde sur la démonstration d'une ""forte probabilité d’une affection d'une particulièregravité et incurable au moment du diagnostic""",Un délai de réflexion doit être proposé à la femme enceinte entre le diagnostic de l'affection et la réalisation éventuellede l'img,Une img peut être réalisée après avis du cpdpn jusqu'au terme
87,"Une jeune femme de 31 ans décrit l’apparition brutale, il y a un mois, d’une fatigue intense accompagnée d’une profondetristesse. elle s’adresse beaucoup de reproches, en particulier de ne pas être capable de s’occuper de sa fille de 2 mois,est très ralentie et se réveille souvent au milieu de la nuit. il lui arrive alors d’avoir des idées suicidaires. parmi lescaractéristiques suivantes, laquelle ou lesquelles peut(peuvent) témoigner d’un trouble bipolaire de l’humeur ?",Le sexe féminin,Contexte de post-partum,Début brutal,Caractéristiques mélancoliques,Idées suicidaires
88,"Parmi les signes et symptômes suivants, lequel(lesquels) est(sont) plus fréquent(s) en cas d’épisode dépressif chez lesujet âgé par rapport à l’adulte jeune ?",Plaintes somatiques,Sentiment de culpabilité,Autodépréciation,Idées suicidaires,Troubles sexuels
89,"Parmi les signes suivants, lequel(lesquels) peut(peuvent) être un(des) symptôme(s) dû(s) au sevrage d’une substanceopiacée ?",Constipation,Mydriase bilatérale,Hallucinations,Vomissements,Hypertension artérielle
90,"Devant un patient présentant un trouble lié à l’usage d’alcool et opposé à l’idée d’une prise en charge addictologique,quelle(s) attitude(s) caractérise(nt) l’entretien motivationnel ?",Donner au patient des arguments en faveur du changement,Laisser le patient expliquer ce que lui apporte l’alcool,Exposer le patient à des situations à risque de consommation excessive,Identifier les motifs personnels de changement chez le patient,Insister auprès du patient sur les risques liés à la consommation d’alcool
91,Un patient de 69 ans se présente pour une visite annuelle chez son nouveau médecin généraliste. l’examen clinique révèleun pouls à 45 pulsations par minute. citez le(s) médicament(s) susceptible(s) d’être en cause :,Bêtabloquant sélectif,Antiarythmique de classe iii,Inhibiteur calcique du groupe de la dihydropyridine,Anticholinestérasique,Bronchodilatateur bêta-2 mimétique à action rapide et de courte durée par voie inhalée
92,A propos du syndrome de trisomie 21 (une ou plusieurs réponses exactes):,Il résulte le plus souvent d'un accident méiotique maternel,"Quand il est associé à une formule chromosomique 46,xx,der(14;21),+21, il ne nécessite pas d’enquête familiale",Son diagnostic post-natal peut être affirmé de façon rapide par biologie moléculaire,Son risque de récurrence est proche de 1/100 à 1/200 pour un couple ayant eu un premier enfant atteint,Son risque est diminué par l’âge maternel avancé au moment de la conception
93,Au sujet des lésions histologiques des glomérulopathies (une ou plusieurs réponses exactes) :,Le diagnostic des lésions glomérulaires minimes nécessite un examen en microscopie électronique,La hyalinose segmentaire et focale peut être primitive chez l’adulte,La glomérulopathie membrano-proliférative est caractérisée par des doubles contours de la membrane basaleglomérulaire,Les dépôts de type « humps » sont présents dans la glomérulonéphrite aiguë post-infectieuse,Le diabète peut donner lieu à une glomérulopathie
94,Le diagnostic histologique de l’adénocarcinome prostatique sur cartographie biopsique (une ou plusieurs réponsesexactes):,Nécessite en général six prélèvements biopsiques,Peut affirmer une atteinte extra-prostatique,Nécessite une biopsie au niveau des vésicules séminales,Est précisé dans son pronostic par le score architectural de gleason,Est précisé dans son pronostic par l'index de prolifération
95,"Lors d’une intervention chirurgicale, un examen extemporané sur un prélèvement tissulaire est demandé. le prélèvementdoit être envoyé au laboratoire d’anatomo-pathologie (une ou plusieurs réponses exactes):",À + 4°c,À - 20°c,Immergé dans du formol,Sans liquide fixateur,Accompagné d’une feuille de consentement
96,"Sur une ponction biopsie hépatique, on retient en faveur du diagnostic d’hépatite alcoolique aigue (une ou plusieursréponses exactes):",Une inflammation à polynucléaires neutrophiles,Des hépatocytes ballonisés,Des corps de councilman,Une cirrhose,Une cholestase
97,Des analyses de biologie moléculaire dans le cadre du diagnostic anatomopathologique d'une tumeur (une ouplusieurs réponses exactes):,Peuvent être faites sur des prélèvements tissulaires fixés et inclus en paraffine,Peuvent être faites sur des prélèvements tissulaires non fixés congelés à - 80°c,Peuvent être faites sur des frottis cellulaires en milieu liquide,Nécessitent un contrôle morphologique du prélèvement tissulaire,Nécessitent une autorisation signée du patient
98,"Concernant la maladie d'alzheimer, quelle(s) affirmation(s) est(sont) juste(s) ?",Le diagnostic reste souvent tardif,Il s’agit d’une démence secondaire,Les troubles du comportement se déclarent souvent en début de maladie,Le test des 5 mots de dubois permet de poser le diagnostic,Elle évolue par poussée conduisant à des hospitalisations itératives
99,"Concernant le vieillissement des organes, quelle(s) est(sont) la(les) propositon(s) juste(s) :",Il est marqué par une diminution des capacités maximales,Il est dû essentiellement au stress oxydant,Il s'agit d'un concept sans preuve scientifique,Il est caractérisé par une réduction des capacités de réserve fonctionnelle,Il permet de juger l’autonomie de l’individu
100,"Concernant le syndrome de fragilité, quelle(s) proposition(s) est(sont) juste(s) ?",Il s’agit  d’un concept sans définition précise,Il permet d'évaluer les réserves fonctionnelles des organes,Il est associé à un risque de dépendance,Il est associé au risque d’escarre pendant l’hospitalisation,Il  est associé à une augmentation du risque d’infarctus du myocarde
101,"Vous prenez en charge aux urgences une patiente de 85 ans pour traumatisme crânien sous antivitamine k (avk) prescritpour une fibrillation atriale. l'inr est à 2,9. il existe une pétéchie sur le scanner cérébral. parmi les propositions suivantes,laquelle(lesquelles) retenez-vous pour votre prise en charge thérapeutique ?",Administration immédiate de concentré de complexes prothrombiniques,Administration de vitamine k dans 4 heures,Scanner cérébral de contrôle systématique dans 6 heures,Arrêt de l’antivitamine k avec relais par héparine à dose curative,Arrêt de l’antivitamine k
102,Quel(s) critère(s) parmi les suivants témoigne(nt) d’une dénutrition sévère du sujet âgé ?,Perte de poids ≥ 10 % en 1 mois,Index de masse corporelle <18 kg/m2,Perte de poids ≥ 15 kg en 6 mois,Score mini nutritional assessment <17,Taux d’albumine plasmatique <35 g/l
